web_scraper_order,web_scraper_start_url,container_links,name,price,location,image
"1765225189-1","https://sn.coinafrique.com/categorie/poules-lapins-et-pigeons?page=3","https://sn.coinafrique.com/annonce/poules-lapins-et-pigeons/pigeons-4158780","Pigeons","Prix sur demande","Thies, Sénégal","https://coinafrique-ads-photos.s3.amazonaws.com/photos/4058b985-f27.png"
"1765225191-2","https://sn.coinafrique.com/categorie/poules-lapins-et-pigeons?page=3","https://sn.coinafrique.com/annonce/poules-lapins-et-pigeons/couple-pigeon-4159080","Couple pigeon","10 000 CFA","Mariste, Dakar, Sénégal","https://static.coinafrique.com/static/images/defaultUser.png"
"1765225193-3","https://sn.coinafrique.com/categorie/poules-lapins-et-pigeons?page=3","https://sn.coinafrique.com/annonce/poules-lapins-et-pigeons/pigeons-frises-milanais-4165971","Pigeons frisés milanais","200 000 CFA","Cambérène, Dakar, Sénégal","https://static.coinafrique.com/static/images/defaultUser.png"
"1765225199-4","https://sn.coinafrique.com/categorie/poules-lapins-et-pigeons?page=3","https://sn.coinafrique.com/annonce/poules-lapins-et-pigeons/pigeons-voyageurs-manteau-4167562","Pigeons voyageurs  manteau","15 000 CFA","Thies, Sénégal","https://static.coinafrique.com/static/images/defaultUser.png"
"1765225201-5","https://sn.coinafrique.com/categorie/poules-lapins-et-pigeons?page=3","https://sn.coinafrique.com/annonce/poules-lapins-et-pigeons/pigeons-voyageurs-4167567","Pigeons voyageurs","15 000 CFA","Thies, Sénégal","https://static.coinafrique.com/static/images/defaultUser.png"
"1765225204-6","https://sn.coinafrique.com/categorie/poules-lapins-et-pigeons?page=3","https://sn.coinafrique.com/annonce/poules-lapins-et-pigeons/pigeons-4167601","Pigeons","150 000 CFA","Thies, Sénégal","https://static.coinafrique.com/static/images/defaultUser.png"
"1765225206-7","https://sn.coinafrique.com/categorie/poules-lapins-et-pigeons?page=3","https://sn.coinafrique.com/annonce/poules-lapins-et-pigeons/poule-hollandais-4170233","Poule hollandais","8 000 CFA","Touba, Sénégal","https://coinafrique-ads-photos.s3.amazonaws.com/photos/e6501695-d7a.png"
"1765225209-8","https://sn.coinafrique.com/categorie/poules-lapins-et-pigeons?page=3","https://sn.coinafrique.com/annonce/poules-lapins-et-pigeons/poulet-de-chair-4172814","Poulet de chair","3 500 CFA","Cambérène, Dakar, Sénégal","https://static.coinafrique.com/static/images/defaultUser.png"
"1765225211-9","https://sn.coinafrique.com/categorie/poules-lapins-et-pigeons?page=3","https://sn.coinafrique.com/annonce/poules-lapins-et-pigeons/pigeons-lahore-4177942","Pigeons Lahore","15 000 CFA","Dakar, Sénégal","https://static.coinafrique.com/static/images/defaultUser.png"
"1765225213-10","https://sn.coinafrique.com/categorie/poules-lapins-et-pigeons?page=3","https://sn.coinafrique.com/annonce/poules-lapins-et-pigeons/pigeon-boulant-de-pomeranie-4178980","Pigeon Boulant de poméranie","13 000 CFA","Mariste, Dakar, Sénégal","https://static.coinafrique.com/static/images/defaultUser.png"
"1765225216-11","https://sn.coinafrique.com/categorie/poules-lapins-et-pigeons?page=3","https://sn.coinafrique.com/annonce/poules-lapins-et-pigeons/pigeon-boulant-de-pomeranie-4178981","Pigeon Boulant de poméranie","20 000 CFA","Mariste, Dakar, Sénégal","https://static.coinafrique.com/static/images/defaultUser.png"
"1765225219-12","https://sn.coinafrique.com/categorie/poules-lapins-et-pigeons?page=3","https://sn.coinafrique.com/annonce/poules-lapins-et-pigeons/poussins-4186084","Poussins","35 000 CFA","Cambérène, Dakar, Sénégal","https://static.coinafrique.com/static/images/defaultUser.png"
"1765225221-13","https://sn.coinafrique.com/categorie/poules-lapins-et-pigeons?page=3","https://sn.coinafrique.com/annonce/poules-lapins-et-pigeons/pigeon-padda-de-java-4191356","Pigeon Padda de java","20 000 CFA","Point E, Dakar, Sénégal","https://coinafrique-ads-photos.s3.amazonaws.com/photos/7c9efd36-47d.png"
"1765225224-14","https://sn.coinafrique.com/categorie/poules-lapins-et-pigeons?page=3","https://sn.coinafrique.com/annonce/poules-lapins-et-pigeons/pigeon-texan-4193114","Pigeon Texan","70 000 CFA","Mbour, Sénégal","https://static.coinafrique.com/static/images/defaultUser.png"
"1765225226-15","https://sn.coinafrique.com/categorie/poules-lapins-et-pigeons?page=3","https://sn.coinafrique.com/annonce/poules-lapins-et-pigeons/lapin-metisage-4194884","Lapin metisage","Prix sur demande","Mariste, Dakar, Sénégal","https://s3-eu-west-1.amazonaws.com/coinafrique-app-assets/221783951852_user_photo223437_1548965813.31.png"
"1765225228-16","https://sn.coinafrique.com/categorie/poules-lapins-et-pigeons?page=3","https://sn.coinafrique.com/annonce/poules-lapins-et-pigeons/lapereau-4195833","Lapereau","15 000 CFA","Mariste, Dakar, Sénégal","https://s3-eu-west-1.amazonaws.com/coinafrique-app-assets/221783951852_user_photo223437_1548965813.31.png"
"1765225231-17","https://sn.coinafrique.com/categorie/poules-lapins-et-pigeons?page=3","https://sn.coinafrique.com/annonce/poules-lapins-et-pigeons/pigeon-4198961","Pigeon","20 000 CFA","Gueule Tapée, Dakar, Sénégal","https://static.coinafrique.com/static/images/defaultUser.png"
"1765225233-18","https://sn.coinafrique.com/categorie/poules-lapins-et-pigeons?page=3","https://sn.coinafrique.com/annonce/poules-lapins-et-pigeons/pigeons-manteau-opale-4202860","Pigeons manteau opale","6 000 CFA","Mariste, Dakar, Sénégal","https://static.coinafrique.com/static/images/defaultUser.png"
"1765225236-19","https://sn.coinafrique.com/categorie/poules-lapins-et-pigeons?page=3","https://sn.coinafrique.com/annonce/poules-lapins-et-pigeons/cailleteaux-4205412","Cailleteaux","250 CFA","Thies, Sénégal","https://static.coinafrique.com/static/images/defaultUser.png"
"1765225238-20","https://sn.coinafrique.com/categorie/poules-lapins-et-pigeons?page=3","https://sn.coinafrique.com/annonce/poules-lapins-et-pigeons/poussins-bleue-holland-4206875","Poussins bleue Holland","35 000 CFA","Cambérène, Dakar, Sénégal","https://static.coinafrique.com/static/images/defaultUser.png"
"1765225240-21","https://sn.coinafrique.com/categorie/poules-lapins-et-pigeons?page=3","https://sn.coinafrique.com/annonce/poules-lapins-et-pigeons/lapin-geant-4207913","Lapin géant","50 000 CFA","Niaga, Sénégal","https://static.coinafrique.com/static/images/defaultUser.png"
"1765225243-22","https://sn.coinafrique.com/categorie/poules-lapins-et-pigeons?page=3","https://sn.coinafrique.com/annonce/poules-lapins-et-pigeons/couple-lapins-4208070","Couple lapins","Prix sur demande","Mbao, Dakar, Sénégal","https://static.coinafrique.com/static/images/defaultUser.png"
"1765225245-23","https://sn.coinafrique.com/categorie/poules-lapins-et-pigeons?page=3","https://sn.coinafrique.com/annonce/poules-lapins-et-pigeons/poulets-brahman-hermines-4212808","Poulets brahman herminés","135 000 CFA","Dakar, Sénégal","https://static.coinafrique.com/static/images/defaultUser.png"
"1765225248-24","https://sn.coinafrique.com/categorie/poules-lapins-et-pigeons?page=3","https://sn.coinafrique.com/annonce/poules-lapins-et-pigeons/coq-cochin-4218824","Coq cochin","45 000 CFA","Yoff, Dakar, Sénégal","https://static.coinafrique.com/static/images/defaultUser.png"
"1765225250-25","https://sn.coinafrique.com/categorie/poules-lapins-et-pigeons?page=3","https://sn.coinafrique.com/annonce/poules-lapins-et-pigeons/poussins-de-chair-bleu-hollandais-4221943","Poussins de chair - bleu hollandais","Prix sur demande","Dakar, Sénégal","https://static.coinafrique.com/static/images/defaultUser.png"
"1765225252-26","https://sn.coinafrique.com/categorie/poules-lapins-et-pigeons?page=3","https://sn.coinafrique.com/annonce/poules-lapins-et-pigeons/pigeon-voyageur-4222721","Pigeon voyageur","7 000 CFA","Ouakam, Dakar, Sénégal","https://static.coinafrique.com/static/images/defaultUser.png"
"1765225255-27","https://sn.coinafrique.com/categorie/poules-lapins-et-pigeons?page=3","https://sn.coinafrique.com/annonce/poules-lapins-et-pigeons/pigeon-voyageur-4222723","Pigeon voyageur","7 000 CFA","Ouakam, Dakar, Sénégal","https://static.coinafrique.com/static/images/defaultUser.png"
"1765225257-28","https://sn.coinafrique.com/categorie/poules-lapins-et-pigeons?page=3","https://sn.coinafrique.com/annonce/poules-lapins-et-pigeons/pigeon-tambour-allemand-4223933","Pigeon Tambour Allemand","50 000 CFA","Dakar, Sénégal","https://static.coinafrique.com/static/images/defaultUser.png"
"1765225260-29","https://sn.coinafrique.com/categorie/poules-lapins-et-pigeons?page=3","https://sn.coinafrique.com/annonce/poules-lapins-et-pigeons/pigeon-mondain-brun-4230459","Pigeon mondain brun","500 000 CFA","Dakar, Sénégal","https://static.coinafrique.com/static/images/defaultUser.png"
"1765225262-30","https://sn.coinafrique.com/categorie/poules-lapins-et-pigeons?page=3","https://sn.coinafrique.com/annonce/poules-lapins-et-pigeons/lapin-gris-de-touraine-4230722","Lapin Gris de Touraine","35 000 CFA","Dakar, Sénégal","https://static.coinafrique.com/static/images/defaultUser.png"
"1765225264-31","https://sn.coinafrique.com/categorie/poules-lapins-et-pigeons?page=3","https://sn.coinafrique.com/annonce/poules-lapins-et-pigeons/lapine-4235319","Lapine","Prix sur demande","Niaga, Sénégal","https://static.coinafrique.com/static/images/defaultUser.png"
"1765225267-32","https://sn.coinafrique.com/categorie/poules-lapins-et-pigeons?page=3","https://sn.coinafrique.com/annonce/poules-lapins-et-pigeons/pigeons-mondains-4240446","Pigeons Mondains","50 000 CFA","Dakar, Sénégal","https://static.coinafrique.com/static/images/defaultUser.png"
"1765225269-33","https://sn.coinafrique.com/categorie/poules-lapins-et-pigeons?page=3","https://sn.coinafrique.com/annonce/poules-lapins-et-pigeons/poussins-brahmans-4243414","Poussins Brahmans","30 000 CFA","Keur Massar, Sénégal","https://static.coinafrique.com/static/images/defaultUser.png"
"1765225271-34","https://sn.coinafrique.com/categorie/poules-lapins-et-pigeons?page=3","https://sn.coinafrique.com/annonce/poules-lapins-et-pigeons/lapereaux-4244917","Lapereaux","45 000 CFA","Mariste, Dakar, Sénégal","https://s3-eu-west-1.amazonaws.com/coinafrique-app-assets/221783951852_user_photo223437_1548965813.31.png"
"1765225274-35","https://sn.coinafrique.com/categorie/poules-lapins-et-pigeons?page=3","https://sn.coinafrique.com/annonce/poules-lapins-et-pigeons/lapin-californien-4248635","Lapin californien","Prix sur demande","Saly, Sénégal","https://static.coinafrique.com/static/images/defaultUser.png"
"1765225276-36","https://sn.coinafrique.com/categorie/poules-lapins-et-pigeons?page=3","https://sn.coinafrique.com/annonce/poules-lapins-et-pigeons/lapines-4249408","Lapines","Prix sur demande","Niaga, Sénégal","https://static.coinafrique.com/static/images/defaultUser.png"
"1765225279-37","https://sn.coinafrique.com/categorie/poules-lapins-et-pigeons?page=3","https://sn.coinafrique.com/annonce/poules-lapins-et-pigeons/poussins-cochin-4255246","Poussins cochin","7 500 CFA","Pikine, Sénégal","https://static.coinafrique.com/static/images/defaultUser.png"
"1765225281-38","https://sn.coinafrique.com/categorie/poules-lapins-et-pigeons?page=3","https://sn.coinafrique.com/annonce/poules-lapins-et-pigeons/poule-bleu-hollandais-4224766","Poule Bleu Hollandais","7 000 CFA","Mbao, Dakar, Sénégal","https://platform-lookaside.fbsbx.com/platform/profilepic/?asid=1866903653402187&height=50&width=50&ext=1566381839&hash=AeR1oSohRx16lgvY"
"1765225283-39","https://sn.coinafrique.com/categorie/poules-lapins-et-pigeons?page=3","https://sn.coinafrique.com/annonce/poules-lapins-et-pigeons/lapin-4268327","Lapin","30 000 CFA","Niaga, Sénégal","https://static.coinafrique.com/static/images/defaultUser.png"
"1765225286-40","https://sn.coinafrique.com/categorie/poules-lapins-et-pigeons?page=3","https://sn.coinafrique.com/annonce/poules-lapins-et-pigeons/lapereaux-4268955","Lapereaux","10 000 CFA","Niaga, Sénégal","https://static.coinafrique.com/static/images/defaultUser.png"
"1765225288-41","https://sn.coinafrique.com/categorie/poules-lapins-et-pigeons?page=3","https://sn.coinafrique.com/annonce/poules-lapins-et-pigeons/pigeon-boulan-4277890","Pigeon Boulan","45 000 CFA","Louga, Sénégal","https://static.coinafrique.com/static/images/defaultUser.png"
"1765225290-42","https://sn.coinafrique.com/categorie/poules-lapins-et-pigeons?page=3","https://sn.coinafrique.com/annonce/poules-lapins-et-pigeons/pigeon-boulan-4277905","Pigeon Boulan","15 000 CFA","Louga, Sénégal","https://static.coinafrique.com/static/images/defaultUser.png"
"1765225293-43","https://sn.coinafrique.com/categorie/poules-lapins-et-pigeons?page=3","https://sn.coinafrique.com/annonce/poules-lapins-et-pigeons/poulets-de-chair-4283570","Poulets de chair","4 000 CFA","Keur Massar, Sénégal","https://static.coinafrique.com/static/images/defaultUser.png"
"1765225295-44","https://sn.coinafrique.com/categorie/poules-lapins-et-pigeons?page=3","https://sn.coinafrique.com/annonce/poules-lapins-et-pigeons/pigeon-messager-4286623","Pigeon Messager","25 000 CFA","Rufisque, Sénégal","https://static.coinafrique.com/static/images/defaultUser.png"
"1765225298-45","https://sn.coinafrique.com/categorie/poules-lapins-et-pigeons?page=3","https://sn.coinafrique.com/annonce/poules-lapins-et-pigeons/lapins-4287411","Lapins","Prix sur demande","Dakar, Sénégal","https://static.coinafrique.com/static/images/defaultUser.png"
"1765225300-46","https://sn.coinafrique.com/categorie/poules-lapins-et-pigeons?page=3","https://sn.coinafrique.com/annonce/poules-lapins-et-pigeons/pigeons-4287413","Pigeons","Prix sur demande","Dakar, Sénégal","https://static.coinafrique.com/static/images/defaultUser.png"
"1765225302-47","https://sn.coinafrique.com/categorie/poules-lapins-et-pigeons?page=3","https://sn.coinafrique.com/annonce/poules-lapins-et-pigeons/poulets-bleu-holland-4287658","Poulets  bleu Holland","6 000 CFA","Rufisque, Sénégal","https://static.coinafrique.com/static/images/defaultUser.png"
"1765225305-48","https://sn.coinafrique.com/categorie/poules-lapins-et-pigeons?page=3","https://sn.coinafrique.com/annonce/poules-lapins-et-pigeons/lapin-nain-loutre-4289564","Lapin nain Loutre","30 000 CFA","Ouakam, Dakar, Sénégal","https://static.coinafrique.com/static/images/defaultUser.png"
"1765225307-49","https://sn.coinafrique.com/categorie/poules-lapins-et-pigeons?page=3","https://sn.coinafrique.com/annonce/poules-lapins-et-pigeons/coq-hermine-4290479","Coq hermine","60 000 CFA","Rufisque, Sénégal","https://static.coinafrique.com/static/images/defaultUser.png"
"1765225309-50","https://sn.coinafrique.com/categorie/poules-lapins-et-pigeons?page=3","https://sn.coinafrique.com/annonce/poules-lapins-et-pigeons/poussins-brahmanes-4290482","Poussins Brahmanes","30 000 CFA","Rufisque, Sénégal","https://static.coinafrique.com/static/images/defaultUser.png"
"1765225312-51","https://sn.coinafrique.com/categorie/poules-lapins-et-pigeons?page=3","https://sn.coinafrique.com/annonce/poules-lapins-et-pigeons/lapin-4296184","Lapin","80 000 CFA","Dakar, Sénégal","https://static.coinafrique.com/static/images/defaultUser.png"
"1765225314-52","https://sn.coinafrique.com/categorie/poules-lapins-et-pigeons?page=3","https://sn.coinafrique.com/annonce/poules-lapins-et-pigeons/lapin-4298076","Lapin","15 000 CFA","Ouakam, Dakar, Sénégal","https://static.coinafrique.com/static/images/defaultUser.png"
"1765225317-53","https://sn.coinafrique.com/categorie/poules-lapins-et-pigeons?page=3","https://sn.coinafrique.com/annonce/poules-lapins-et-pigeons/lapin-4302356","Lapin","Prix sur demande","Niaga, Sénégal","https://static.coinafrique.com/static/images/defaultUser.png"
"1765225319-54","https://sn.coinafrique.com/categorie/poules-lapins-et-pigeons?page=3","https://sn.coinafrique.com/annonce/poules-lapins-et-pigeons/poules-4302571","Poules","Prix sur demande","Thies, Sénégal","https://static.coinafrique.com/static/images/defaultUser.png"
"1765225321-55","https://sn.coinafrique.com/categorie/poules-lapins-et-pigeons?page=3","https://sn.coinafrique.com/annonce/poules-lapins-et-pigeons/lapin-4312499","Lapin","40 000 CFA","Niaga, Sénégal","https://static.coinafrique.com/static/images/defaultUser.png"
"1765225324-56","https://sn.coinafrique.com/categorie/poules-lapins-et-pigeons?page=3","https://sn.coinafrique.com/annonce/poules-lapins-et-pigeons/poussins-de-chair-4323837","Poussins de chair","Prix sur demande","Dakar, Sénégal","https://static.coinafrique.com/static/images/defaultUser.png"
"1765225326-57","https://sn.coinafrique.com/categorie/poules-lapins-et-pigeons?page=3","https://sn.coinafrique.com/annonce/poules-lapins-et-pigeons/lapereaux-4324644","Lapereaux","Prix sur demande","Niaga, Sénégal","https://static.coinafrique.com/static/images/defaultUser.png"
"1765225329-58","https://sn.coinafrique.com/categorie/poules-lapins-et-pigeons?page=3","https://sn.coinafrique.com/annonce/poules-lapins-et-pigeons/lapereaux-4333705","Lapereaux","10 000 CFA","Niaga, Sénégal","https://static.coinafrique.com/static/images/defaultUser.png"
"1765225331-59","https://sn.coinafrique.com/categorie/poules-lapins-et-pigeons?page=3","https://sn.coinafrique.com/annonce/poules-lapins-et-pigeons/lapins-4336471","Lapins","Prix sur demande","Niaga, Sénégal","https://static.coinafrique.com/static/images/defaultUser.png"
"1765225333-60","https://sn.coinafrique.com/categorie/poules-lapins-et-pigeons?page=3","https://sn.coinafrique.com/annonce/poules-lapins-et-pigeons/lapin-4337664","Lapin","Prix sur demande","Niaga, Sénégal","https://static.coinafrique.com/static/images/defaultUser.png"
"1765225336-61","https://sn.coinafrique.com/categorie/poules-lapins-et-pigeons?page=3","https://sn.coinafrique.com/annonce/poules-lapins-et-pigeons/lapin-4337665","Lapin","Prix sur demande","Niaga, Sénégal","https://static.coinafrique.com/static/images/defaultUser.png"
"1765225338-62","https://sn.coinafrique.com/categorie/poules-lapins-et-pigeons?page=3","https://sn.coinafrique.com/annonce/poules-lapins-et-pigeons/lapin-papillon-4347215","Lapin   Papillon","90 000 CFA","Rufisque, Sénégal","https://static.coinafrique.com/static/images/defaultUser.png"
"1765225340-63","https://sn.coinafrique.com/categorie/poules-lapins-et-pigeons?page=3","https://sn.coinafrique.com/annonce/poules-lapins-et-pigeons/lapin-4359251","Lapin","Prix sur demande","Niaga, Sénégal","https://static.coinafrique.com/static/images/defaultUser.png"
"1765225343-64","https://sn.coinafrique.com/categorie/poules-lapins-et-pigeons?page=3","https://sn.coinafrique.com/annonce/poules-lapins-et-pigeons/pigeons-de-race-4368566","Pigeons de race","350 000 CFA","Cambérène, Dakar, Sénégal","https://static.coinafrique.com/static/images/defaultUser.png"
"1765225345-65","https://sn.coinafrique.com/categorie/poules-lapins-et-pigeons?page=3","https://sn.coinafrique.com/annonce/poules-lapins-et-pigeons/lapin-4368816","Lapin","10 000 CFA","Parcelle Assainies, Dakar, Sénégal","https://static.coinafrique.com/static/images/defaultUser.png"
"1765225348-66","https://sn.coinafrique.com/categorie/poules-lapins-et-pigeons?page=3","https://sn.coinafrique.com/annonce/poules-lapins-et-pigeons/poule-brahman-hermine-4369295","Poule Brahman herminé","Prix sur demande","Keur Massar, Sénégal","https://platform-lookaside.fbsbx.com/platform/profilepic/?asid=1367952870034467&height=50&width=50&ext=1569977219&hash=AeS1-9ngqsHmdlWw"
"1765225350-67","https://sn.coinafrique.com/categorie/poules-lapins-et-pigeons?page=3","https://sn.coinafrique.com/annonce/poules-lapins-et-pigeons/pigeons-culbutant-francais-4378163","Pigeons Culbutant français","50 000 CFA","Dakar, Sénégal","https://static.coinafrique.com/static/images/defaultUser.png"
"1765225353-68","https://sn.coinafrique.com/categorie/poules-lapins-et-pigeons?page=3","https://sn.coinafrique.com/annonce/poules-lapins-et-pigeons/lapereau-4381621","Lapereau","10 000 CFA","Parcelle Assainies, Dakar, Sénégal","https://static.coinafrique.com/static/images/defaultUser.png"
"1765225355-69","https://sn.coinafrique.com/categorie/poules-lapins-et-pigeons?page=3","https://sn.coinafrique.com/annonce/poules-lapins-et-pigeons/lapins-4384422","Lapins","20 000 CFA","Niaga, Sénégal","https://static.coinafrique.com/static/images/defaultUser.png"
"1765225357-70","https://sn.coinafrique.com/categorie/poules-lapins-et-pigeons?page=3","https://sn.coinafrique.com/annonce/poules-lapins-et-pigeons/poule-brahma-4389249","Poule Brahma","25 000 CFA","Medina, Dakar, Sénégal","https://static.coinafrique.com/static/images/defaultUser.png"
"1765225360-71","https://sn.coinafrique.com/categorie/poules-lapins-et-pigeons?page=3","https://sn.coinafrique.com/annonce/poules-lapins-et-pigeons/poussins-4399877","Poussins","26 500 CFA","Pikine, Sénégal","https://coinafrique-ads-photos.s3.amazonaws.com/photos/8fee1a01-caa.png"
"1765225362-72","https://sn.coinafrique.com/categorie/poules-lapins-et-pigeons?page=3","https://sn.coinafrique.com/annonce/poules-lapins-et-pigeons/pigeon-voyageur-4406771","Pigeon voyageur","8 000 CFA","Rufisque, Sénégal","https://static.coinafrique.com/static/images/defaultUser.png"
"1765225364-73","https://sn.coinafrique.com/categorie/poules-lapins-et-pigeons?page=3","https://sn.coinafrique.com/annonce/poules-lapins-et-pigeons/pigeon-voyageur-4406776","Pigeon voyageur","8 000 CFA","Rufisque, Sénégal","https://static.coinafrique.com/static/images/defaultUser.png"
"1765225367-74","https://sn.coinafrique.com/categorie/poules-lapins-et-pigeons?page=3","https://sn.coinafrique.com/annonce/poules-lapins-et-pigeons/lapin-4408360","Lapin","35 000 CFA","Mbao, Dakar, Sénégal","https://static.coinafrique.com/static/images/defaultUser.png"
"1765225369-75","https://sn.coinafrique.com/categorie/poules-lapins-et-pigeons?page=3","https://sn.coinafrique.com/annonce/poules-lapins-et-pigeons/pigeon-4418898","Pigeon","2 000 CFA","Grand Yoff, Dakar, Sénégal","https://static.coinafrique.com/static/images/defaultUser.png"
"1765225371-76","https://sn.coinafrique.com/categorie/poules-lapins-et-pigeons?page=3","https://sn.coinafrique.com/annonce/poules-lapins-et-pigeons/pigeon-voyageur-4418908","Pigeon voyageur","5 000 CFA","Grand Yoff, Dakar, Sénégal","https://static.coinafrique.com/static/images/defaultUser.png"
"1765225374-77","https://sn.coinafrique.com/categorie/poules-lapins-et-pigeons?page=3","https://sn.coinafrique.com/annonce/poules-lapins-et-pigeons/pigeons-4418917","Pigeons","3 000 CFA","Grand Yoff, Dakar, Sénégal","https://static.coinafrique.com/static/images/defaultUser.png"
"1765225376-78","https://sn.coinafrique.com/categorie/poules-lapins-et-pigeons?page=3","https://sn.coinafrique.com/annonce/poules-lapins-et-pigeons/pigeons-voyageur-de-competition-4418928","Pigeons voyageur de compétition","15 000 CFA","Grand Yoff, Dakar, Sénégal","https://static.coinafrique.com/static/images/defaultUser.png"
"1765225379-79","https://sn.coinafrique.com/categorie/poules-lapins-et-pigeons?page=3","https://sn.coinafrique.com/annonce/poules-lapins-et-pigeons/cochons-dinde-4425812","Cochons d'Inde","15 000 CFA","Keur Massar, Sénégal","https://static.coinafrique.com/static/images/defaultUser.png"
"1765225381-80","https://sn.coinafrique.com/categorie/poules-lapins-et-pigeons?page=3","https://sn.coinafrique.com/annonce/poules-lapins-et-pigeons/lapereau-4425850","Lapereau","10 000 CFA","Niaga, Sénégal","https://static.coinafrique.com/static/images/defaultUser.png"
"1765225383-81","https://sn.coinafrique.com/categorie/poules-lapins-et-pigeons?page=3","https://sn.coinafrique.com/annonce/poules-lapins-et-pigeons/lapereau-4433087","Lapereau","10 000 CFA","Niaga, Sénégal","https://static.coinafrique.com/static/images/defaultUser.png"
"1765225386-82","https://sn.coinafrique.com/categorie/poules-lapins-et-pigeons?page=3","https://sn.coinafrique.com/annonce/poules-lapins-et-pigeons/lapins-4434579","Lapins","Prix sur demande","Rufisque, Sénégal","https://static.coinafrique.com/static/images/defaultUser.png"
"1765225388-83","https://sn.coinafrique.com/categorie/poules-lapins-et-pigeons?page=3","https://sn.coinafrique.com/annonce/poules-lapins-et-pigeons/lapin-4435893","Lapin","Prix sur demande","Niaga, Sénégal","https://static.coinafrique.com/static/images/defaultUser.png"
"1765225391-84","https://sn.coinafrique.com/categorie/poules-lapins-et-pigeons?page=3","https://sn.coinafrique.com/annonce/poules-lapins-et-pigeons/coqs-4444985","Coqs","Prix sur demande","Ouakam, Dakar, Sénégal","https://static.coinafrique.com/static/images/defaultUser.png"
"1765225396-85","https://sn.coinafrique.com/categorie/poules-lapins-et-pigeons?page=2","https://sn.coinafrique.com/annonce/poules-lapins-et-pigeons/lapin-4453957","Lapin","Prix sur demande","Keur Massar, Sénégal","https://static.coinafrique.com/static/images/defaultUser.png"
"1765225398-86","https://sn.coinafrique.com/categorie/poules-lapins-et-pigeons?page=2","https://sn.coinafrique.com/annonce/poules-lapins-et-pigeons/femelle-lapin-demi-sang-cage-4464349","Femelle lapin demi sang + cage","40 000 CFA","Guediawaye, Dakar, Sénégal","https://static.coinafrique.com/static/images/defaultUser.png"
"1765225401-87","https://sn.coinafrique.com/categorie/poules-lapins-et-pigeons?page=2","https://sn.coinafrique.com/annonce/poules-lapins-et-pigeons/pigeon-lahor-4471579","Pigeon Lahor","40 000 CFA","Mbour, Sénégal","https://static.coinafrique.com/static/images/defaultUser.png"
"1765225403-88","https://sn.coinafrique.com/categorie/poules-lapins-et-pigeons?page=2","https://sn.coinafrique.com/annonce/poules-lapins-et-pigeons/pigeon-king-blanc-4471585","Pigeon King Blanc","75 000 CFA","Mbour, Sénégal","https://static.coinafrique.com/static/images/defaultUser.png"
"1765225405-89","https://sn.coinafrique.com/categorie/poules-lapins-et-pigeons?page=2","https://sn.coinafrique.com/annonce/poules-lapins-et-pigeons/lapin-angora-male-4473399","Lapin Angora male","18 000 CFA","Diamniadio, Sénégal","https://coinafrique-ads-photos.s3.amazonaws.com/photos/f42b4159-296.png"
"1765225408-90","https://sn.coinafrique.com/categorie/poules-lapins-et-pigeons?page=2","https://sn.coinafrique.com/annonce/poules-lapins-et-pigeons/lapin-angora-male-4473413","Lapin Angora male","8 000 CFA","Diamniadio, Sénégal","https://coinafrique-ads-photos.s3.amazonaws.com/photos/f42b4159-296.png"
"1765225410-91","https://sn.coinafrique.com/categorie/poules-lapins-et-pigeons?page=2","https://sn.coinafrique.com/annonce/poules-lapins-et-pigeons/lapin-4490937","Lapin","Prix sur demande","Yoff, Dakar, Sénégal","https://static.coinafrique.com/static/images/defaultUser.png"
"1765225412-92","https://sn.coinafrique.com/categorie/poules-lapins-et-pigeons?page=2","https://sn.coinafrique.com/annonce/poules-lapins-et-pigeons/couple-lapin-francais-4505989","Couple lapin français","40 000 CFA","Dakar, Sénégal","https://static.coinafrique.com/static/images/defaultUser.png"
"1765225416-93","https://sn.coinafrique.com/categorie/poules-lapins-et-pigeons?page=2","https://sn.coinafrique.com/annonce/poules-lapins-et-pigeons/couple-lapereau-4505997","Couple lapereau","40 000 CFA","Dakar, Sénégal","https://static.coinafrique.com/static/images/defaultUser.png"
"1765225418-94","https://sn.coinafrique.com/categorie/poules-lapins-et-pigeons?page=2","https://sn.coinafrique.com/annonce/poules-lapins-et-pigeons/poulet-de-chair-4509252","Poulet de chair","3 500 CFA","Dakar, Sénégal","https://coinafrique-ads-photos.s3.amazonaws.com/photos/6d6d7592-872.png"
"1765225421-95","https://sn.coinafrique.com/categorie/poules-lapins-et-pigeons?page=2","https://sn.coinafrique.com/annonce/poules-lapins-et-pigeons/couple-lapin-4509856","Couple lapin","Prix sur demande","Dakar, Sénégal","https://static.coinafrique.com/static/images/defaultUser.png"
"1765225423-96","https://sn.coinafrique.com/categorie/poules-lapins-et-pigeons?page=2","https://sn.coinafrique.com/annonce/poules-lapins-et-pigeons/lapin-fauve-male-4512680","Lapin fauve male","80 000 CFA","Mariste, Dakar, Sénégal","https://s3-eu-west-1.amazonaws.com/coinafrique-app-assets/221783951852_user_photo223437_1548965813.31.png"
"1765225426-97","https://sn.coinafrique.com/categorie/poules-lapins-et-pigeons?page=2","https://sn.coinafrique.com/annonce/poules-lapins-et-pigeons/lapin-4513225","Lapin","Prix sur demande","Mariste, Dakar, Sénégal","https://s3-eu-west-1.amazonaws.com/coinafrique-app-assets/221783951852_user_photo223437_1548965813.31.png"
"1765225428-98","https://sn.coinafrique.com/categorie/poules-lapins-et-pigeons?page=2","https://sn.coinafrique.com/annonce/poules-lapins-et-pigeons/pigeon-4513662","Pigeon","Prix sur demande","Ouakam, Dakar, Sénégal","https://static.coinafrique.com/static/images/defaultUser.png"
"1765225431-99","https://sn.coinafrique.com/categorie/poules-lapins-et-pigeons?page=2","https://sn.coinafrique.com/annonce/poules-lapins-et-pigeons/lapin-4517612","Lapin","35 000 CFA","Mariste, Dakar, Sénégal","https://s3-eu-west-1.amazonaws.com/coinafrique-app-assets/221783951852_user_photo223437_1548965813.31.png"
"1765225433-100","https://sn.coinafrique.com/categorie/poules-lapins-et-pigeons?page=2","https://sn.coinafrique.com/annonce/poules-lapins-et-pigeons/pigeons-4542193","Pigeons","5 000 CFA","Sicap Liberté, Dakar, Sénégal","https://static.coinafrique.com/static/images/defaultUser.png"
"1765225436-101","https://sn.coinafrique.com/categorie/poules-lapins-et-pigeons?page=2","https://sn.coinafrique.com/annonce/poules-lapins-et-pigeons/pigeons-4542217","Pigeons","5 000 CFA","Sicap Liberté, Dakar, Sénégal","https://static.coinafrique.com/static/images/defaultUser.png"
"1765225438-102","https://sn.coinafrique.com/categorie/poules-lapins-et-pigeons?page=2","https://sn.coinafrique.com/annonce/poules-lapins-et-pigeons/paire-pigeon-jeune-king-4545200","Paire pigeon  jeune King","60 000 CFA","Mariste, Dakar, Sénégal","https://s3-eu-west-1.amazonaws.com/coinafrique-app-assets/221783951852_user_photo223437_1548965813.31.png"
"1765225440-103","https://sn.coinafrique.com/categorie/poules-lapins-et-pigeons?page=2","https://sn.coinafrique.com/annonce/poules-lapins-et-pigeons/pigeons-king-4548383","Pigeons King","60 000 CFA","Mariste, Dakar, Sénégal","https://s3-eu-west-1.amazonaws.com/coinafrique-app-assets/221783951852_user_photo223437_1548965813.31.png"
"1765225443-104","https://sn.coinafrique.com/categorie/poules-lapins-et-pigeons?page=2","https://sn.coinafrique.com/annonce/poules-lapins-et-pigeons/poulet-de-chaire-4555523","Poulet de chaire","5 000 CFA","Mbao, Dakar, Sénégal","https://static.coinafrique.com/static/images/defaultUser.png"
"1765225445-105","https://sn.coinafrique.com/categorie/poules-lapins-et-pigeons?page=2","https://sn.coinafrique.com/annonce/poules-lapins-et-pigeons/lapereau-4556321","Lapereau","10 000 CFA","Lac rose, Sénégal","https://static.coinafrique.com/static/images/defaultUser.png"
"1765225447-106","https://sn.coinafrique.com/categorie/poules-lapins-et-pigeons?page=2","https://sn.coinafrique.com/annonce/poules-lapins-et-pigeons/pigeon-modain-4561395","Pigeon Modain","160 000 CFA","Grand Yoff, Dakar, Sénégal","https://coinafrique-ads-photos.s3.amazonaws.com/photos/bbf1ecb8-42c.png"
"1765225450-107","https://sn.coinafrique.com/categorie/poules-lapins-et-pigeons?page=2","https://sn.coinafrique.com/annonce/poules-lapins-et-pigeons/pigeon-lahor-4565457","Pigeon Lahor","20 000 CFA","Rufisque, Sénégal","https://static.coinafrique.com/static/images/defaultUser.png"
"1765225452-108","https://sn.coinafrique.com/categorie/poules-lapins-et-pigeons?page=2","https://sn.coinafrique.com/annonce/poules-lapins-et-pigeons/couples-lapereaux-4587998","Couples lapereaux","100 000 CFA","Keur Massar, Sénégal","https://coinafrique-ads-photos.s3.amazonaws.com/photos/d4dca0aa-adc.png"
"1765225455-109","https://sn.coinafrique.com/categorie/poules-lapins-et-pigeons?page=2","https://sn.coinafrique.com/annonce/poules-lapins-et-pigeons/pigeons-couple-mondain-4598304","Pigeons couple Mondain","170 000 CFA","Guediawaye, Dakar, Sénégal","https://static.coinafrique.com/static/images/defaultUser.png"
"1765225457-110","https://sn.coinafrique.com/categorie/poules-lapins-et-pigeons?page=2","https://sn.coinafrique.com/annonce/poules-lapins-et-pigeons/poussin-marans-4603800","Poussin Marans","10 000 CFA","Dakar, Sénégal","https://static.coinafrique.com/static/images/defaultUser.png"
"1765225459-111","https://sn.coinafrique.com/categorie/poules-lapins-et-pigeons?page=2","https://sn.coinafrique.com/annonce/poules-lapins-et-pigeons/pigeons-4612083","Pigeons","Prix sur demande","Keur Massar, Sénégal","https://static.coinafrique.com/static/images/defaultUser.png"
"1765225462-112","https://sn.coinafrique.com/categorie/poules-lapins-et-pigeons?page=2","https://sn.coinafrique.com/annonce/poules-lapins-et-pigeons/brahman-bleu-lemon-4612273","Brahman bleu Lemon","40 000 CFA","Dakar, Sénégal","https://static.coinafrique.com/static/images/defaultUser.png"
"1765225464-113","https://sn.coinafrique.com/categorie/poules-lapins-et-pigeons?page=2","https://sn.coinafrique.com/annonce/poules-lapins-et-pigeons/poulets-de-chairs-4612683","Poulets de chairs","3 500 CFA","Rufisque, Sénégal","https://static.coinafrique.com/static/images/defaultUser.png"
"1765225466-114","https://sn.coinafrique.com/categorie/poules-lapins-et-pigeons?page=2","https://sn.coinafrique.com/annonce/poules-lapins-et-pigeons/poussin-oie-4619799","Poussin oie","35 000 CFA","Guediawaye, Dakar, Sénégal","https://static.coinafrique.com/static/images/defaultUser.png"
"1765225469-115","https://sn.coinafrique.com/categorie/poules-lapins-et-pigeons?page=2","https://sn.coinafrique.com/annonce/poules-lapins-et-pigeons/pigeon-voyageur-manteau-opale-4621197","Pigeon voyageur Manteau Opale","Prix sur demande","Guediawaye, Dakar, Sénégal","https://static.coinafrique.com/static/images/defaultUser.png"
"1765225471-116","https://sn.coinafrique.com/categorie/poules-lapins-et-pigeons?page=2","https://sn.coinafrique.com/annonce/poules-lapins-et-pigeons/pigeons-4623025","Pigeons","100 CFA","Almadies 2, Dakar, Sénégal","https://static.coinafrique.com/static/images/defaultUser.png"
"1765225474-117","https://sn.coinafrique.com/categorie/poules-lapins-et-pigeons?page=2","https://sn.coinafrique.com/annonce/poules-lapins-et-pigeons/pigeon-voyageur-4624891","Pigeon voyageur","15 000 CFA","Dakar, Sénégal","https://static.coinafrique.com/static/images/defaultUser.png"
"1765225476-118","https://sn.coinafrique.com/categorie/poules-lapins-et-pigeons?page=2","https://sn.coinafrique.com/annonce/poules-lapins-et-pigeons/pigeon-king-4624920","Pigeon King","Prix sur demande","Dakar, Sénégal","https://static.coinafrique.com/static/images/defaultUser.png"
"1765225480-119","https://sn.coinafrique.com/categorie/poules-lapins-et-pigeons?page=2","https://sn.coinafrique.com/annonce/poules-lapins-et-pigeons/pigeon-boulant-4624925","Pigeon Boulant","Prix sur demande","Dakar, Sénégal","https://static.coinafrique.com/static/images/defaultUser.png"
"1765225483-120","https://sn.coinafrique.com/categorie/poules-lapins-et-pigeons?page=2","https://sn.coinafrique.com/annonce/poules-lapins-et-pigeons/brahma-4644724","Brahma","25 000 CFA","Dakar, Sénégal","https://static.coinafrique.com/static/images/defaultUser.png"
"1765225485-121","https://sn.coinafrique.com/categorie/poules-lapins-et-pigeons?page=2","https://sn.coinafrique.com/annonce/poules-lapins-et-pigeons/couple-brahma-hermine-standard-4650066","Couple  Brahma Herminé standard","80 000 CFA","Mbao, Dakar, Sénégal","https://coinafrique-ads-photos.s3.amazonaws.com/photos/1caf81f7-ab3.png"
"1765225487-122","https://sn.coinafrique.com/categorie/poules-lapins-et-pigeons?page=2","https://sn.coinafrique.com/annonce/poules-lapins-et-pigeons/ufs-a-couver-4651892","Œufs à couver","12 500 CFA","Mbao, Dakar, Sénégal","https://static.coinafrique.com/static/images/defaultUser.png"
"1765225490-123","https://sn.coinafrique.com/categorie/poules-lapins-et-pigeons?page=2","https://sn.coinafrique.com/annonce/poules-lapins-et-pigeons/pigeons-mondain-4653298","Pigeons Mondain","225 000 CFA","Rufisque, Sénégal","https://static.coinafrique.com/static/images/defaultUser.png"
"1765225492-124","https://sn.coinafrique.com/categorie/poules-lapins-et-pigeons?page=2","https://sn.coinafrique.com/annonce/poules-lapins-et-pigeons/pigeon-texan-4653331","Pigeon Texan","80 000 CFA","Rufisque, Sénégal","https://static.coinafrique.com/static/images/defaultUser.png"
"1765225494-125","https://sn.coinafrique.com/categorie/poules-lapins-et-pigeons?page=2","https://sn.coinafrique.com/annonce/poules-lapins-et-pigeons/pigeons-4662585","Pigeons","50 000 CFA","Rufisque, Sénégal","https://static.coinafrique.com/static/images/defaultUser.png"
"1765225497-126","https://sn.coinafrique.com/categorie/poules-lapins-et-pigeons?page=2","https://sn.coinafrique.com/annonce/poules-lapins-et-pigeons/pigeon-mondain-andalou-4664895","Pigeon Mondain Andalou","300 CFA","Cambérène, Dakar, Sénégal","https://static.coinafrique.com/static/images/defaultUser.png"
"1765225499-127","https://sn.coinafrique.com/categorie/poules-lapins-et-pigeons?page=2","https://sn.coinafrique.com/annonce/poules-lapins-et-pigeons/pigeon-voyageur-a-manteau-4664901","Pigeon voyageur à manteau","Prix sur demande","Cambérène, Dakar, Sénégal","https://static.coinafrique.com/static/images/defaultUser.png"
"1765225502-128","https://sn.coinafrique.com/categorie/poules-lapins-et-pigeons?page=2","https://sn.coinafrique.com/annonce/poules-lapins-et-pigeons/femelle-andalou-4667144","Femelle andalou","250 000 CFA","Guediawaye, Dakar, Sénégal","https://static.coinafrique.com/static/images/defaultUser.png"
"1765225504-129","https://sn.coinafrique.com/categorie/poules-lapins-et-pigeons?page=2","https://sn.coinafrique.com/annonce/poules-lapins-et-pigeons/poulets-de-chair-4667518","Poulets de chair","Prix sur demande","Mbour, Sénégal","https://coinafrique-ads-photos.s3.amazonaws.com/photos/288fd830-f06.png"
"1765225507-130","https://sn.coinafrique.com/categorie/poules-lapins-et-pigeons?page=2","https://sn.coinafrique.com/annonce/poules-lapins-et-pigeons/pigeon-mondain-ecailler-4685152","Pigeon Mondain écailler","170 000 CFA","Guediawaye, Dakar, Sénégal","https://static.coinafrique.com/static/images/defaultUser.png"
"1765225509-131","https://sn.coinafrique.com/categorie/poules-lapins-et-pigeons?page=2","https://sn.coinafrique.com/annonce/poules-lapins-et-pigeons/couple-pigeons-voyageur-4690857","Couple Pigeons voyageur","15 000 CFA","Dakar, Sénégal","https://static.coinafrique.com/static/images/defaultUser.png"
"1765225511-132","https://sn.coinafrique.com/categorie/poules-lapins-et-pigeons?page=2","https://sn.coinafrique.com/annonce/poules-lapins-et-pigeons/pigeon-male-voyageur-4690859","Pigeon Mâle voyageur","Prix sur demande","Dakar, Sénégal","https://static.coinafrique.com/static/images/defaultUser.png"
"1765225514-133","https://sn.coinafrique.com/categorie/poules-lapins-et-pigeons?page=2","https://sn.coinafrique.com/annonce/poules-lapins-et-pigeons/lapereaux-4703012","Lapereaux","13 500 CFA","Guediawaye, Dakar, Sénégal","https://static.coinafrique.com/static/images/defaultUser.png"
"1765225516-134","https://sn.coinafrique.com/categorie/poules-lapins-et-pigeons?page=2","https://sn.coinafrique.com/annonce/poules-lapins-et-pigeons/pigeons-king-male-4704120","Pigeons King mâle","35 000 CFA","Dakar, Sénégal","https://static.coinafrique.com/static/images/defaultUser.png"
"1765225519-135","https://sn.coinafrique.com/categorie/poules-lapins-et-pigeons?page=2","https://sn.coinafrique.com/annonce/poules-lapins-et-pigeons/lapin-angora-4714367","Lapin Angora","20 000 CFA","Mamelles, Dakar, Sénégal","https://static.coinafrique.com/static/images/defaultUser.png"
"1765225521-136","https://sn.coinafrique.com/categorie/poules-lapins-et-pigeons?page=2","https://sn.coinafrique.com/annonce/poules-lapins-et-pigeons/poulet-negre-de-soie-4723223","Poulet Nègre de soie","35 000 CFA","Almadies, Dakar, Sénégal","https://static.coinafrique.com/static/images/defaultUser.png"
"1765225523-137","https://sn.coinafrique.com/categorie/poules-lapins-et-pigeons?page=2","https://sn.coinafrique.com/annonce/poules-lapins-et-pigeons/pigeons-voyageurs-4729764","Pigeons voyageurs","Prix sur demande","Dakar, Sénégal","https://static.coinafrique.com/static/images/defaultUser.png"
"1765225526-138","https://sn.coinafrique.com/categorie/poules-lapins-et-pigeons?page=2","https://sn.coinafrique.com/annonce/poules-lapins-et-pigeons/poulet-4738369","Poulet","Prix sur demande","Thies, Sénégal","https://static.coinafrique.com/static/images/defaultUser.png"
"1765225528-139","https://sn.coinafrique.com/categorie/poules-lapins-et-pigeons?page=2","https://sn.coinafrique.com/annonce/poules-lapins-et-pigeons/poulets-de-chair-4696598","Poulets de chair","1 500 CFA","Mbao, Dakar, Sénégal","https://coinafrique-ads-photos.s3.amazonaws.com/photos/c15b91ea-89c.png"
"1765225530-140","https://sn.coinafrique.com/categorie/poules-lapins-et-pigeons?page=2","https://sn.coinafrique.com/annonce/poules-lapins-et-pigeons/couple-lapereau-fauve-de-bourgogne-4751808","Couple lapereau fauve de bourgogne","40 000 CFA","Lac rose, Sénégal","https://static.coinafrique.com/static/images/defaultUser.png"
"1765225533-141","https://sn.coinafrique.com/categorie/poules-lapins-et-pigeons?page=2","https://sn.coinafrique.com/annonce/poules-lapins-et-pigeons/poulets-4767951","Poulets","2 500 CFA","Dakar, Sénégal","https://static.coinafrique.com/static/images/defaultUser.png"
"1765225535-142","https://sn.coinafrique.com/categorie/poules-lapins-et-pigeons?page=2","https://sn.coinafrique.com/annonce/poules-lapins-et-pigeons/poulet-race-4787594","Poulet race","Prix sur demande","Keur Massar, Sénégal","https://static.coinafrique.com/static/images/defaultUser.png"
"1765225538-143","https://sn.coinafrique.com/categorie/poules-lapins-et-pigeons?page=2","https://sn.coinafrique.com/annonce/poules-lapins-et-pigeons/texan-pionnier-4800306","Texan pionnier","Prix sur demande","Guediawaye, Dakar, Sénégal","https://static.coinafrique.com/static/images/defaultUser.png"
"1765225540-144","https://sn.coinafrique.com/categorie/poules-lapins-et-pigeons?page=2","https://sn.coinafrique.com/annonce/poules-lapins-et-pigeons/jeune-couple-mondain-4800310","Jeune couple Mondain","Prix sur demande","Guediawaye, Dakar, Sénégal","https://static.coinafrique.com/static/images/defaultUser.png"
"1765225542-145","https://sn.coinafrique.com/categorie/poules-lapins-et-pigeons?page=2","https://sn.coinafrique.com/annonce/poules-lapins-et-pigeons/poule-brahma-4807398","Poule Brahma","95 000 CFA","Rufisque, Sénégal","https://static.coinafrique.com/static/images/defaultUser.png"
"1765225546-146","https://sn.coinafrique.com/categorie/poules-lapins-et-pigeons?page=2","https://sn.coinafrique.com/annonce/poules-lapins-et-pigeons/poulet-du-pays-4807968","Poulet du pays","3 500 CFA","Saint Louis, Sénégal","https://static.coinafrique.com/static/images/defaultUser.png"
"1765225548-147","https://sn.coinafrique.com/categorie/poules-lapins-et-pigeons?page=2","https://sn.coinafrique.com/annonce/poules-lapins-et-pigeons/hermines-et-cochins-4817873","Hermines et cochins","500 CFA","Mermoz-Sacré Coeur, Dakar, Sénégal","https://static.coinafrique.com/static/images/defaultUser.png"
"1765225550-148","https://sn.coinafrique.com/categorie/poules-lapins-et-pigeons?page=2","https://sn.coinafrique.com/annonce/poules-lapins-et-pigeons/cochin-porteur-cailloute-paire-4818681","Cochin porteur caillouté paire","120 000 CFA","Mbao, Dakar, Sénégal","https://static.coinafrique.com/static/images/defaultUser.png"
"1765225553-149","https://sn.coinafrique.com/categorie/poules-lapins-et-pigeons?page=2","https://sn.coinafrique.com/annonce/poules-lapins-et-pigeons/male-brahman-hiermines-4824501","Mâle brahman Hierminés","Prix sur demande","Dakar, Sénégal","https://static.coinafrique.com/static/images/defaultUser.png"
"1765225555-150","https://sn.coinafrique.com/categorie/poules-lapins-et-pigeons?page=2","https://sn.coinafrique.com/annonce/poules-lapins-et-pigeons/poussin-hermine-standard-4824502","Poussin Herminé standard","Prix sur demande","Dakar, Sénégal","https://static.coinafrique.com/static/images/defaultUser.png"
"1765225558-151","https://sn.coinafrique.com/categorie/poules-lapins-et-pigeons?page=2","https://sn.coinafrique.com/annonce/poules-lapins-et-pigeons/lapereaux-metisse-geant-et-californien-4829597","Lapereaux métisse Géant et Californien","15 000 CFA","Mbao, Dakar, Sénégal","https://static.coinafrique.com/static/images/defaultUser.png"
"1765225560-152","https://sn.coinafrique.com/categorie/poules-lapins-et-pigeons?page=2","https://sn.coinafrique.com/annonce/poules-lapins-et-pigeons/jeune-mondain-2024-4840128","Jeune Mondain 2024","150 000 CFA","Thiaroye, Sénégal","https://static.coinafrique.com/static/images/defaultUser.png"
"1765225563-153","https://sn.coinafrique.com/categorie/poules-lapins-et-pigeons?page=2","https://sn.coinafrique.com/annonce/poules-lapins-et-pigeons/paires-engoura-4841263","Paires engoura","Prix sur demande","Mbao, Dakar, Sénégal","https://static.coinafrique.com/static/images/defaultUser.png"
"1765225565-154","https://sn.coinafrique.com/categorie/poules-lapins-et-pigeons?page=2","https://sn.coinafrique.com/annonce/poules-lapins-et-pigeons/couple-pigeon-mondain-blanc-4853197","Couple pigeon mondain blanc","70 000 CFA","Mbao, Dakar, Sénégal","https://static.coinafrique.com/static/images/defaultUser.png"
"1765225568-155","https://sn.coinafrique.com/categorie/poules-lapins-et-pigeons?page=2","https://sn.coinafrique.com/annonce/poules-lapins-et-pigeons/pigeons-texan-4860848","Pigeons  Texan","20 000 CFA","Mermoz-Sacré Coeur, Dakar, Sénégal","https://static.coinafrique.com/static/images/defaultUser.png"
"1765225570-156","https://sn.coinafrique.com/categorie/poules-lapins-et-pigeons?page=2","https://sn.coinafrique.com/annonce/poules-lapins-et-pigeons/pan-indien-blanc-4860862","Pan indien blanc","35 000 CFA","Mermoz-Sacré Coeur, Dakar, Sénégal","https://static.coinafrique.com/static/images/defaultUser.png"
"1765225572-157","https://sn.coinafrique.com/categorie/poules-lapins-et-pigeons?page=2","https://sn.coinafrique.com/annonce/poules-lapins-et-pigeons/pigeon-mondain-noir-4862270","Pigeon mondain noir","170 000 CFA","Guediawaye, Dakar, Sénégal","https://static.coinafrique.com/static/images/defaultUser.png"
"1765225575-158","https://sn.coinafrique.com/categorie/poules-lapins-et-pigeons?page=2","https://sn.coinafrique.com/annonce/poules-lapins-et-pigeons/cochin-cailloute-et-porteur-cailloute-4862961","Cochin Caillouté Et Porteur Caillouté","Prix sur demande","Pikine, Sénégal","https://static.coinafrique.com/static/images/defaultUser.png"
"1765225577-159","https://sn.coinafrique.com/categorie/poules-lapins-et-pigeons?page=2","https://sn.coinafrique.com/annonce/poules-lapins-et-pigeons/lapin-nain-4865409","Lapin nain","30 000 CFA","Parcelle Assainies, Dakar, Sénégal","https://static.coinafrique.com/static/images/defaultUser.png"
"1765225579-160","https://sn.coinafrique.com/categorie/poules-lapins-et-pigeons?page=2","https://sn.coinafrique.com/annonce/poules-lapins-et-pigeons/pigeon-boulant-gaditano-4884507","Pigeon Boulant Gaditano","Prix sur demande","Dakar, Sénégal","https://static.coinafrique.com/static/images/defaultUser.png"
"1765225582-161","https://sn.coinafrique.com/categorie/poules-lapins-et-pigeons?page=2","https://sn.coinafrique.com/annonce/poules-lapins-et-pigeons/pigeon-voyageur-4917441","pigeon voyageur","Prix sur demande","Guediawaye, Dakar, Sénégal","https://static.coinafrique.com/static/images/defaultUser.png"
"1765225584-162","https://sn.coinafrique.com/categorie/poules-lapins-et-pigeons?page=2","https://sn.coinafrique.com/annonce/poules-lapins-et-pigeons/pigeons-voyageurs-et-boulants-4920745","Pigeons Voyageurs  et boulants","Prix sur demande","Dakar, Sénégal","https://static.coinafrique.com/static/images/defaultUser.png"
"1765225587-163","https://sn.coinafrique.com/categorie/poules-lapins-et-pigeons?page=2","https://sn.coinafrique.com/annonce/poules-lapins-et-pigeons/couples-lapins-4932369","couples lapins","15 000 CFA","Pikine, Sénégal","https://static.coinafrique.com/static/images/defaultUser.png"
"1765225589-164","https://sn.coinafrique.com/categorie/poules-lapins-et-pigeons?page=2","https://sn.coinafrique.com/annonce/poules-lapins-et-pigeons/poule-brahma-4936101","Poule Brahma","Prix sur demande","Dakar, Sénégal","https://static.coinafrique.com/static/images/defaultUser.png"
"1765225591-165","https://sn.coinafrique.com/categorie/poules-lapins-et-pigeons?page=2","https://sn.coinafrique.com/annonce/poules-lapins-et-pigeons/pigeon-voyageur-4936241","Pigeon voyageur","25 000 CFA","Mariste, Dakar, Sénégal","https://coinafrique-ads-photos.s3.amazonaws.com/photos/ec6a148f-523.png"
"1765225594-166","https://sn.coinafrique.com/categorie/poules-lapins-et-pigeons?page=2","https://sn.coinafrique.com/annonce/poules-lapins-et-pigeons/poulets-fermiers-4942161","Poulets Fermiers","10 000 CFA","Hann Bel-Air, Dakar, Sénégal","https://static.coinafrique.com/static/images/defaultUser.png"
"1765225596-167","https://sn.coinafrique.com/categorie/poules-lapins-et-pigeons?page=2","https://sn.coinafrique.com/annonce/poules-lapins-et-pigeons/pigeon-voyageur-4946878","Pigeon voyageur","15 000 CFA","Mariste, Dakar, Sénégal","https://coinafrique-ads-photos.s3.amazonaws.com/photos/ec6a148f-523.png"
"1765225598-168","https://sn.coinafrique.com/categorie/poules-lapins-et-pigeons?page=2","https://sn.coinafrique.com/annonce/poules-lapins-et-pigeons/pigeon-voyageur-4946879","Pigeon voyageur","Prix sur demande","Mariste, Dakar, Sénégal","https://coinafrique-ads-photos.s3.amazonaws.com/photos/ec6a148f-523.png"
"1765225603-169","https://sn.coinafrique.com/categorie/poules-lapins-et-pigeons?page=1","https://sn.coinafrique.com/annonce/poules-lapins-et-pigeons/lapin-4966470","Lapin","15 000 CFA","Keur Massar, Sénégal","https://static.coinafrique.com/static/images/defaultUser.png"
"1765225606-170","https://sn.coinafrique.com/categorie/poules-lapins-et-pigeons?page=1","https://sn.coinafrique.com/annonce/poules-lapins-et-pigeons/coq-4975038","Coq","3 000 CFA","Hann Bel-Air, Dakar, Sénégal","https://static.coinafrique.com/static/images/defaultUser.png"
"1765225608-171","https://sn.coinafrique.com/categorie/poules-lapins-et-pigeons?page=1","https://sn.coinafrique.com/annonce/poules-lapins-et-pigeons/lapins-4975768","Lapins","15 000 CFA","Grand Yoff, Dakar, Sénégal","https://static.coinafrique.com/static/images/defaultUser.png"
"1765225610-172","https://sn.coinafrique.com/categorie/poules-lapins-et-pigeons?page=1","https://sn.coinafrique.com/annonce/poules-lapins-et-pigeons/couple-lapins-4981240","Couple lapins","15 000 CFA","Pikine, Sénégal","https://static.coinafrique.com/static/images/defaultUser.png"
"1765225613-173","https://sn.coinafrique.com/categorie/poules-lapins-et-pigeons?page=1","https://sn.coinafrique.com/annonce/poules-lapins-et-pigeons/poule-brahma-4993341","Poule Brahma","Prix sur demande","Parcelle Assainies, Dakar, Sénégal","https://static.coinafrique.com/static/images/defaultUser.png"
"1765225615-174","https://sn.coinafrique.com/categorie/poules-lapins-et-pigeons?page=1","https://sn.coinafrique.com/annonce/poules-lapins-et-pigeons/pigeon-pan-indien-4996843","Pigeon pan indien","10 000 CFA","Patte d'oie, Dakar, Sénégal","https://coinafrique-ads-photos.s3.amazonaws.com/photos/c474b6aa-c3a.png"
"1765225618-175","https://sn.coinafrique.com/categorie/poules-lapins-et-pigeons?page=1","https://sn.coinafrique.com/annonce/poules-lapins-et-pigeons/rex-garenne-4998472","Rex garenne","Prix sur demande","Almadies 2, Dakar, Sénégal","https://static.coinafrique.com/static/images/defaultUser.png"
"1765225620-176","https://sn.coinafrique.com/categorie/poules-lapins-et-pigeons?page=1","https://sn.coinafrique.com/annonce/poules-lapins-et-pigeons/lapins-male-adulte-5000540","lapins mâle adulte","15 000 CFA","Pikine, Sénégal","https://static.coinafrique.com/static/images/defaultUser.png"
"1765225623-177","https://sn.coinafrique.com/categorie/poules-lapins-et-pigeons?page=1","https://sn.coinafrique.com/annonce/poules-lapins-et-pigeons/couple-mantau-ecailles-de-2-mois-5043101","Couple mantau écailles de 2 mois","15 000 CFA","Mbour, Sénégal","https://static.coinafrique.com/static/images/defaultUser.png"
"1765225625-178","https://sn.coinafrique.com/categorie/poules-lapins-et-pigeons?page=1","https://sn.coinafrique.com/annonce/poules-lapins-et-pigeons/poule-brahma-5044135","Poule Brahma","45 000 CFA","Pikine, Sénégal","https://static.coinafrique.com/static/images/defaultUser.png"
"1765225628-179","https://sn.coinafrique.com/categorie/poules-lapins-et-pigeons?page=1","https://sn.coinafrique.com/annonce/poules-lapins-et-pigeons/couple-adulte-metisses-5064256","Couple adulte métisses","35 000 CFA","Pikine, Sénégal","https://coinafrique-ads-photos.s3.amazonaws.com/photos/2c424da7-9c9.png"
"1765225630-180","https://sn.coinafrique.com/categorie/poules-lapins-et-pigeons?page=1","https://sn.coinafrique.com/annonce/poules-lapins-et-pigeons/couple-boulon-saxe-5069958","couple boulon saxe","45 000 CFA","Mariste, Dakar, Sénégal","https://coinafrique-ads-photos.s3.amazonaws.com/photos/ec6a148f-523.png"
"1765225632-181","https://sn.coinafrique.com/categorie/poules-lapins-et-pigeons?page=1","https://sn.coinafrique.com/annonce/poules-lapins-et-pigeons/mondain-noir-5078519","Mondain noir","150 000 CFA","Guediawaye, Dakar, Sénégal","https://static.coinafrique.com/static/images/defaultUser.png"
"1765225635-182","https://sn.coinafrique.com/categorie/poules-lapins-et-pigeons?page=1","https://sn.coinafrique.com/annonce/poules-lapins-et-pigeons/poussin-brahman-5080703","Poussin brahman","25 000 CFA","Pikine, Sénégal","https://static.coinafrique.com/static/images/defaultUser.png"
"1765225637-183","https://sn.coinafrique.com/categorie/poules-lapins-et-pigeons?page=1","https://sn.coinafrique.com/annonce/poules-lapins-et-pigeons/pigeon-mondain-5085521","Pigeon Mondain","200 000 CFA","Rufisque, Sénégal","https://static.coinafrique.com/static/images/defaultUser.png"
"1765225640-184","https://sn.coinafrique.com/categorie/poules-lapins-et-pigeons?page=1","https://sn.coinafrique.com/annonce/poules-lapins-et-pigeons/couple-lahore-lavande-5088564","Couple lahore lavande","30 000 CFA","Patte d'oie, Dakar, Sénégal","https://coinafrique-ads-photos.s3.amazonaws.com/photos/c474b6aa-c3a.png"
"1765225642-185","https://sn.coinafrique.com/categorie/poules-lapins-et-pigeons?page=1","https://sn.coinafrique.com/annonce/poules-lapins-et-pigeons/poussins-5104370","Poussins","Prix sur demande","Parcelle Assainies, Dakar, Sénégal","https://static.coinafrique.com/static/images/defaultUser.png"
"1765225644-186","https://sn.coinafrique.com/categorie/poules-lapins-et-pigeons?page=1","https://sn.coinafrique.com/annonce/poules-lapins-et-pigeons/poussin-hermine-5107651","Poussin Herminé","36 000 CFA","Dakar, Sénégal","https://static.coinafrique.com/static/images/defaultUser.png"
"1765225647-187","https://sn.coinafrique.com/categorie/poules-lapins-et-pigeons?page=1","https://sn.coinafrique.com/annonce/poules-lapins-et-pigeons/lapin-5119494","Lapin","12 000 CFA","Diamniadio, Sénégal","https://static.coinafrique.com/static/images/defaultUser.png"
"1765225649-188","https://sn.coinafrique.com/categorie/poules-lapins-et-pigeons?page=1","https://sn.coinafrique.com/annonce/poules-lapins-et-pigeons/lapin-5119498","Lapin","12 000 CFA","Diamniadio, Sénégal","https://static.coinafrique.com/static/images/defaultUser.png"
"1765225652-189","https://sn.coinafrique.com/categorie/poules-lapins-et-pigeons?page=1","https://sn.coinafrique.com/annonce/poules-lapins-et-pigeons/pigeon-mondain-5121788","Pigeon Mondain","150 000 CFA","Guediawaye, Dakar, Sénégal","https://static.coinafrique.com/static/images/defaultUser.png"
"1765225654-190","https://sn.coinafrique.com/categorie/poules-lapins-et-pigeons?page=1","https://sn.coinafrique.com/annonce/poules-lapins-et-pigeons/poussin-hermine-5179009","Poussin herminé","10 000 CFA","Dakar, Sénégal","https://static.coinafrique.com/static/images/defaultUser.png"
"1765225656-191","https://sn.coinafrique.com/categorie/poules-lapins-et-pigeons?page=1","https://sn.coinafrique.com/annonce/poules-lapins-et-pigeons/pigeon-voyageur-5180652","Pigeon voyageur","5 000 CFA","Dakar Plateau, Dakar, Sénégal","https://static.coinafrique.com/static/images/defaultUser.png"
"1765225659-192","https://sn.coinafrique.com/categorie/poules-lapins-et-pigeons?page=1","https://sn.coinafrique.com/annonce/poules-lapins-et-pigeons/lapin-californien-5189123","Lapin Californien","120 000 CFA","Almadies 2, Dakar, Sénégal","https://static.coinafrique.com/static/images/defaultUser.png"
"1765225661-193","https://sn.coinafrique.com/categorie/poules-lapins-et-pigeons?page=1","https://sn.coinafrique.com/annonce/poules-lapins-et-pigeons/lapins-metis-californiens-5198096","Lapins métis californiens","10 000 CFA","Keur Massar, Sénégal","https://static.coinafrique.com/static/images/defaultUser.png"
"1765225664-194","https://sn.coinafrique.com/categorie/poules-lapins-et-pigeons?page=1","https://sn.coinafrique.com/annonce/poules-lapins-et-pigeons/coque-hermine-5202384","Coque Hermine","50 000 CFA","Dakar, Sénégal","https://coinafrique-ads-photos.s3.amazonaws.com/photos/87e2402a-abd.png"
"1765225666-195","https://sn.coinafrique.com/categorie/poules-lapins-et-pigeons?page=1","https://sn.coinafrique.com/annonce/poules-lapins-et-pigeons/lapin-metis-californien-5225208","Lapin Métis Californien","25 000 CFA","Keur Massar, Sénégal","https://static.coinafrique.com/static/images/defaultUser.png"
"1765225668-196","https://sn.coinafrique.com/categorie/poules-lapins-et-pigeons?page=1","https://sn.coinafrique.com/annonce/poules-lapins-et-pigeons/pigeon-mondain-5232372","Pigeon Mondain","150 000 CFA","Guediawaye, Dakar, Sénégal","https://static.coinafrique.com/static/images/defaultUser.png"
"1765225671-197","https://sn.coinafrique.com/categorie/poules-lapins-et-pigeons?page=1","https://sn.coinafrique.com/annonce/poules-lapins-et-pigeons/pigeon-5246700","Pigeon","100 000 CFA","Sicap Liberté, Dakar, Sénégal","https://static.coinafrique.com/static/images/defaultUser.png"
"1765225673-198","https://sn.coinafrique.com/categorie/poules-lapins-et-pigeons?page=1","https://sn.coinafrique.com/annonce/poules-lapins-et-pigeons/poulet-local-5252650","Poulet local","3 500 CFA","Patte d'oie, Dakar, Sénégal","https://static.coinafrique.com/static/images/defaultUser.png"
"1765225675-199","https://sn.coinafrique.com/categorie/poules-lapins-et-pigeons?page=1","https://sn.coinafrique.com/annonce/poules-lapins-et-pigeons/pigeons-de-race-5258333","Pigeons de race","Prix sur demande","Ouakam, Dakar, Sénégal","https://s3-eu-west-1.amazonaws.com/coinafrique-app-assets/221773170832_user_photo171201_1534597695.33.png"
"1765225678-200","https://sn.coinafrique.com/categorie/poules-lapins-et-pigeons?page=1","https://sn.coinafrique.com/annonce/poules-lapins-et-pigeons/brahma-columbia-5272290","Brahma columbia","Prix sur demande","Parcelle Assainies, Dakar, Sénégal","https://static.coinafrique.com/static/images/defaultUser.png"
"1765225680-201","https://sn.coinafrique.com/categorie/poules-lapins-et-pigeons?page=1","https://sn.coinafrique.com/annonce/poules-lapins-et-pigeons/pigeons-voyageurs-5274172","Pigeons voyageurs","Prix sur demande","Dakar, Sénégal","https://static.coinafrique.com/static/images/defaultUser.png"
"1765225683-202","https://sn.coinafrique.com/categorie/poules-lapins-et-pigeons?page=1","https://sn.coinafrique.com/annonce/poules-lapins-et-pigeons/pigeons-5274177","Pigeons","Prix sur demande","Dakar, Sénégal","https://static.coinafrique.com/static/images/defaultUser.png"
"1765225685-203","https://sn.coinafrique.com/categorie/poules-lapins-et-pigeons?page=1","https://sn.coinafrique.com/annonce/poules-lapins-et-pigeons/pigeon-5274182","Pigeon","Prix sur demande","Dakar, Sénégal","https://static.coinafrique.com/static/images/defaultUser.png"
"1765225687-204","https://sn.coinafrique.com/categorie/poules-lapins-et-pigeons?page=1","https://sn.coinafrique.com/annonce/poules-lapins-et-pigeons/barman-5276065","Barman","12 500 CFA","Mbour, Sénégal","https://static.coinafrique.com/static/images/defaultUser.png"
"1765225690-205","https://sn.coinafrique.com/categorie/poules-lapins-et-pigeons?page=1","https://sn.coinafrique.com/annonce/poules-lapins-et-pigeons/lapin-geant-5276799","Lapin geant","Prix sur demande","Keur Massar, Sénégal","https://static.coinafrique.com/static/images/defaultUser.png"
"1765225692-206","https://sn.coinafrique.com/categorie/poules-lapins-et-pigeons?page=1","https://sn.coinafrique.com/annonce/poules-lapins-et-pigeons/poule-5280953","Poule","25 000 CFA","Dakar, Sénégal","https://static.coinafrique.com/static/images/defaultUser.png"
"1765225695-207","https://sn.coinafrique.com/categorie/poules-lapins-et-pigeons?page=1","https://sn.coinafrique.com/annonce/poules-lapins-et-pigeons/pigeon-5290537","Pigeon","30 000 CFA","Thies, Sénégal","https://static.coinafrique.com/static/images/defaultUser.png"
"1765225697-208","https://sn.coinafrique.com/categorie/poules-lapins-et-pigeons?page=1","https://sn.coinafrique.com/annonce/poules-lapins-et-pigeons/pigeon-king-indigo-5321991","Pigeon King Indigo","Prix sur demande","Sicap Liberté, Dakar, Sénégal","https://static.coinafrique.com/static/images/defaultUser.png"
"1765225699-209","https://sn.coinafrique.com/categorie/poules-lapins-et-pigeons?page=1","https://sn.coinafrique.com/annonce/poules-lapins-et-pigeons/pigeon-voyageur-5323552","Pigeon voyageur","Prix sur demande","Ouakam, Dakar, Sénégal","https://static.coinafrique.com/static/images/defaultUser.png"
"1765225702-210","https://sn.coinafrique.com/categorie/poules-lapins-et-pigeons?page=1","https://sn.coinafrique.com/annonce/poules-lapins-et-pigeons/dindon-5323572","Dindon","Prix sur demande","Ouakam, Dakar, Sénégal","https://static.coinafrique.com/static/images/defaultUser.png"
"1765225704-211","https://sn.coinafrique.com/categorie/poules-lapins-et-pigeons?page=1","https://sn.coinafrique.com/annonce/poules-lapins-et-pigeons/couple-braman-hermine-5329869","Couple Braman Hermine","90 000 CFA","Parcelle Assainies, Dakar, Sénégal","https://static.coinafrique.com/static/images/defaultUser.png"
"1765225706-212","https://sn.coinafrique.com/categorie/poules-lapins-et-pigeons?page=1","https://sn.coinafrique.com/annonce/poules-lapins-et-pigeons/couple-braman-hermine-5329879","Couple Braman Hermine","90 000 CFA","Parcelle Assainies, Dakar, Sénégal","https://static.coinafrique.com/static/images/defaultUser.png"
"1765225709-213","https://sn.coinafrique.com/categorie/poules-lapins-et-pigeons?page=1","https://sn.coinafrique.com/annonce/poules-lapins-et-pigeons/couple-mondain-adulte-2024-5337087","couple mondain adulte 2024","200 000 CFA","Pikine, Sénégal","https://coinafrique-ads-photos.s3.amazonaws.com/photos/ceaf9cb7-49e.png"
"1765225711-214","https://sn.coinafrique.com/categorie/poules-lapins-et-pigeons?page=1","https://sn.coinafrique.com/annonce/poules-lapins-et-pigeons/poulet-5344600","Poulet","50 000 CFA","Thies, Sénégal","https://static.coinafrique.com/static/images/defaultUser.png"
"1765225714-215","https://sn.coinafrique.com/categorie/poules-lapins-et-pigeons?page=1","https://sn.coinafrique.com/annonce/poules-lapins-et-pigeons/lapins-metis-californien-5350705","Lapins Métis Californien","10 000 CFA","Keur Massar, Sénégal","https://static.coinafrique.com/static/images/defaultUser.png"
"1765225716-216","https://sn.coinafrique.com/categorie/poules-lapins-et-pigeons?page=1","https://sn.coinafrique.com/annonce/poules-lapins-et-pigeons/poussins-brahma-5352324","Poussins Brahma","Prix sur demande","Ouakam, Dakar, Sénégal","https://static.coinafrique.com/static/images/defaultUser.png"
"1765225719-217","https://sn.coinafrique.com/categorie/poules-lapins-et-pigeons?page=1","https://sn.coinafrique.com/annonce/poules-lapins-et-pigeons/poulet-padovani-5353407","Poulet Padovani","45 000 CFA","Louga, Sénégal","https://static.coinafrique.com/static/images/defaultUser.png"
"1765225721-218","https://sn.coinafrique.com/categorie/poules-lapins-et-pigeons?page=1","https://sn.coinafrique.com/annonce/poules-lapins-et-pigeons/lapin-metis-californien-5364052","Lapin Métis californien","15 000 CFA","Keur Massar, Sénégal","https://static.coinafrique.com/static/images/defaultUser.png"
"1765225723-219","https://sn.coinafrique.com/categorie/poules-lapins-et-pigeons?page=1","https://sn.coinafrique.com/annonce/poules-lapins-et-pigeons/couple-voyageur-5381347","Couple voyageur","15 000 CFA","Mariste, Dakar, Sénégal","https://coinafrique-ads-photos.s3.amazonaws.com/photos/ec6a148f-523.png"
"1765225726-220","https://sn.coinafrique.com/categorie/poules-lapins-et-pigeons?page=1","https://sn.coinafrique.com/annonce/poules-lapins-et-pigeons/lapins-5384185","Lapins","Prix sur demande","Thies, Sénégal","https://static.coinafrique.com/static/images/defaultUser.png"
"1765225728-221","https://sn.coinafrique.com/categorie/poules-lapins-et-pigeons?page=1","https://sn.coinafrique.com/annonce/poules-lapins-et-pigeons/poulet-pondeuses-5393356","Poulet pondeuses","Prix sur demande","Mbour, Sénégal","https://static.coinafrique.com/static/images/defaultUser.png"
"1765225731-222","https://sn.coinafrique.com/categorie/poules-lapins-et-pigeons?page=1","https://sn.coinafrique.com/annonce/poules-lapins-et-pigeons/coqs-colores-5394586","Coqs colorés","8 000 CFA","Biscuiterie, Dakar, Sénégal","https://static.coinafrique.com/static/images/defaultUser.png"
"1765225733-223","https://sn.coinafrique.com/categorie/poules-lapins-et-pigeons?page=1","https://sn.coinafrique.com/annonce/poules-lapins-et-pigeons/poussins-frises-5402120","Poussins frisés","15 000 CFA","Keur Massar, Sénégal","https://static.coinafrique.com/static/images/defaultUser.png"
"1765225735-224","https://sn.coinafrique.com/categorie/poules-lapins-et-pigeons?page=1","https://sn.coinafrique.com/annonce/poules-lapins-et-pigeons/poussins-frises-5402124","Poussins frisés","15 000 CFA","Keur Massar, Sénégal","https://static.coinafrique.com/static/images/defaultUser.png"
"1765225738-225","https://sn.coinafrique.com/categorie/poules-lapins-et-pigeons?page=1","https://sn.coinafrique.com/annonce/poules-lapins-et-pigeons/poussins-brahmas-importes-5404325","Poussins brahmas importés","10 000 CFA","Diamalaye 2, Dakar, Sénégal","https://static.coinafrique.com/static/images/defaultUser.png"
"1765225740-226","https://sn.coinafrique.com/categorie/poules-lapins-et-pigeons?page=1","https://sn.coinafrique.com/annonce/poules-lapins-et-pigeons/poussins-brahma-blanc-hermine-5414572","Poussins brahma blanc herminé","25 000 CFA","Dieuppeul-Derklé, Dakar, Sénégal","https://static.coinafrique.com/static/images/defaultUser.png"
"1765225743-227","https://sn.coinafrique.com/categorie/poules-lapins-et-pigeons?page=1","https://sn.coinafrique.com/annonce/poules-lapins-et-pigeons/poussins-frises-5430818","Poussins frisés","15 000 CFA","Keur Massar, Sénégal","https://static.coinafrique.com/static/images/defaultUser.png"
"1765225745-228","https://sn.coinafrique.com/categorie/poules-lapins-et-pigeons?page=1","https://sn.coinafrique.com/annonce/poules-lapins-et-pigeons/brahman-hermine-5435588","Brahman herminé","Prix sur demande","Keur Massar, Sénégal","https://platform-lookaside.fbsbx.com/platform/profilepic/?asid=1367952870034467&height=50&width=50&ext=1569977219&hash=AeS1-9ngqsHmdlWw"
"1765225747-229","https://sn.coinafrique.com/categorie/poules-lapins-et-pigeons?page=1","https://sn.coinafrique.com/annonce/poules-lapins-et-pigeons/lapin-metis-californien-5437884","Lapin Métis Californien","25 000 CFA","Keur Massar, Sénégal","https://static.coinafrique.com/static/images/defaultUser.png"
"1765225750-230","https://sn.coinafrique.com/categorie/poules-lapins-et-pigeons?page=1","https://sn.coinafrique.com/annonce/poules-lapins-et-pigeons/lapin-5465434","Lapin","35 000 CFA","Almadies, Dakar, Sénégal","https://static.coinafrique.com/static/images/defaultUser.png"
"1765225752-231","https://sn.coinafrique.com/categorie/poules-lapins-et-pigeons?page=1","https://sn.coinafrique.com/annonce/poules-lapins-et-pigeons/pigeon-beaute-allemande-5486666","Pigeon Beauté Allemande","Prix sur demande","Thies, Sénégal","https://static.coinafrique.com/static/images/defaultUser.png"
"1765225754-232","https://sn.coinafrique.com/categorie/poules-lapins-et-pigeons?page=1","https://sn.coinafrique.com/annonce/poules-lapins-et-pigeons/pigeon-lahore-levante-5486667","Pigeon Lahore Levante","Prix sur demande","Thies, Sénégal","https://static.coinafrique.com/static/images/defaultUser.png"
"1765225757-233","https://sn.coinafrique.com/categorie/poules-lapins-et-pigeons?page=1","https://sn.coinafrique.com/annonce/poules-lapins-et-pigeons/pigeon-culbtant-volga-5497140","Pigeon culbtant volga","30 000 CFA","Fatick, Sénégal","https://static.coinafrique.com/static/images/defaultUser.png"
"1765225759-234","https://sn.coinafrique.com/categorie/poules-lapins-et-pigeons?page=1","https://sn.coinafrique.com/annonce/poules-lapins-et-pigeons/couple-manteau-noir-5497155","Couple Manteau noir","15 000 CFA","Ouakam, Dakar, Sénégal","https://static.coinafrique.com/static/images/defaultUser.png"
"1765225761-235","https://sn.coinafrique.com/categorie/poules-lapins-et-pigeons?page=1","https://sn.coinafrique.com/annonce/poules-lapins-et-pigeons/couple-mondain-5497172","Couple Mondain","100 000 CFA","Ouakam, Dakar, Sénégal","https://static.coinafrique.com/static/images/defaultUser.png"
"1765225764-236","https://sn.coinafrique.com/categorie/poules-lapins-et-pigeons?page=1","https://sn.coinafrique.com/annonce/poules-lapins-et-pigeons/couples-texans-pionniers-5497183","Couples texans pionniers","40 000 CFA","Ouakam, Dakar, Sénégal","https://static.coinafrique.com/static/images/defaultUser.png"
"1765225766-237","https://sn.coinafrique.com/categorie/poules-lapins-et-pigeons?page=1","https://sn.coinafrique.com/annonce/poules-lapins-et-pigeons/cochin-cailloute-5497195","Cochin caillouté","Prix sur demande","Ouakam, Dakar, Sénégal","https://static.coinafrique.com/static/images/defaultUser.png"
"1765225769-238","https://sn.coinafrique.com/categorie/poules-lapins-et-pigeons?page=1","https://sn.coinafrique.com/annonce/poules-lapins-et-pigeons/pigeons-5458528","Pigeons","100 000 CFA","Parcelle Assainies, Dakar, Sénégal","https://static.coinafrique.com/static/images/defaultUser.png"
"1765225771-239","https://sn.coinafrique.com/categorie/poules-lapins-et-pigeons?page=1","https://sn.coinafrique.com/annonce/poules-lapins-et-pigeons/pigeon-mondain-5507606","Pigeon Mondain","120 000 CFA","Guediawaye, Dakar, Sénégal","https://static.coinafrique.com/static/images/defaultUser.png"
"1765225775-240","https://sn.coinafrique.com/categorie/poules-lapins-et-pigeons?page=1","https://sn.coinafrique.com/annonce/poules-lapins-et-pigeons/pigeon-mondain-5507608","Pigeon Mondain","120 000 CFA","Guediawaye, Dakar, Sénégal","https://static.coinafrique.com/static/images/defaultUser.png"
"1765225777-241","https://sn.coinafrique.com/categorie/poules-lapins-et-pigeons?page=1","https://sn.coinafrique.com/annonce/poules-lapins-et-pigeons/lapin-5514578","Lapin","40 000 CFA","Keur Massar, Sénégal","https://static.coinafrique.com/static/images/defaultUser.png"
"1765225780-242","https://sn.coinafrique.com/categorie/poules-lapins-et-pigeons?page=1","https://sn.coinafrique.com/annonce/poules-lapins-et-pigeons/pigeon-5521622","Pigeon","15 000 CFA","Ouest Foire, Dakar, Sénégal","https://static.coinafrique.com/static/images/defaultUser.png"
"1765225782-243","https://sn.coinafrique.com/categorie/poules-lapins-et-pigeons?page=1","https://sn.coinafrique.com/annonce/poules-lapins-et-pigeons/couple-mondain-5541428","Couple  Mondain","130 000 CFA","HLM, Dakar, Sénégal","https://static.coinafrique.com/static/images/defaultUser.png"
"1765225785-244","https://sn.coinafrique.com/categorie/poules-lapins-et-pigeons?page=1","https://sn.coinafrique.com/annonce/poules-lapins-et-pigeons/pigeons-mondain-5572903","Pigeons mondain","Prix sur demande","Guediawaye, Dakar, Sénégal","http://coinafrique-ads-photos.s3.amazonaws.com/photos/15df0f05-132.png"
"1765225787-245","https://sn.coinafrique.com/categorie/poules-lapins-et-pigeons?page=1","https://sn.coinafrique.com/annonce/poules-lapins-et-pigeons/lapin-5572908","Lapin","Prix sur demande","Guediawaye, Dakar, Sénégal","http://coinafrique-ads-photos.s3.amazonaws.com/photos/15df0f05-132.png"
"1765225789-246","https://sn.coinafrique.com/categorie/poules-lapins-et-pigeons?page=1","https://sn.coinafrique.com/annonce/poules-lapins-et-pigeons/poule-brahman-5577027","Poule Brahman","Prix sur demande","Keur Massar, Sénégal","https://static.coinafrique.com/static/images/defaultUser.png"
"1765225792-247","https://sn.coinafrique.com/categorie/poules-lapins-et-pigeons?page=1","https://sn.coinafrique.com/annonce/poules-lapins-et-pigeons/femmel-cailloute-5587969","Femmel cailloute","30 000 CFA","Mariste, Dakar, Sénégal","https://s3-eu-west-1.amazonaws.com/coinafrique-app-assets/221783951852_user_photo223437_1548965813.31.png"
"1765225794-248","https://sn.coinafrique.com/categorie/poules-lapins-et-pigeons?page=1","https://sn.coinafrique.com/annonce/poules-lapins-et-pigeons/poule-brahman-5594420","Poule Brahman","Prix sur demande","Keur Massar, Sénégal","https://static.coinafrique.com/static/images/defaultUser.png"
"1765225797-249","https://sn.coinafrique.com/categorie/poules-lapins-et-pigeons?page=1","https://sn.coinafrique.com/annonce/poules-lapins-et-pigeons/pigeon-voyageur-5642510","Pigeon Voyageur","20 000 CFA","Rufisque, Sénégal","https://static.coinafrique.com/static/images/defaultUser.png"
"1765225799-250","https://sn.coinafrique.com/categorie/poules-lapins-et-pigeons?page=1","https://sn.coinafrique.com/annonce/poules-lapins-et-pigeons/poulet-goliath-5648319","Poulet Goliath","Prix sur demande","Mbao, Dakar, Sénégal","https://static.coinafrique.com/static/images/defaultUser.png"
"1765225801-251","https://sn.coinafrique.com/categorie/poules-lapins-et-pigeons?page=1","https://sn.coinafrique.com/annonce/poules-lapins-et-pigeons/poussin-goliath-5648409","Poussin goliath","300 CFA","Thies, Sénégal","https://static.coinafrique.com/static/images/defaultUser.png"
"1765225804-252","https://sn.coinafrique.com/categorie/poules-lapins-et-pigeons?page=1","https://sn.coinafrique.com/annonce/poules-lapins-et-pigeons/poulettes-pre-ponte-de-124-jours-5655142","Poulettes pré ponte de 124 jours","5 000 CFA","Dakar, Sénégal","https://static.coinafrique.com/static/images/defaultUser.png"
