id,title,price,location,image_url,product_url
1,Berger malinois charbonner,250.0,"Thies, Sénégal",https://images.coinafrique.com/thumb_5649558_uploaded_image1_1764572984.jpg,https://sn.coinafrique.com/annonce/chiens/berger-malinois-charbonner-5649558
2,Chiot Bichon Maltais,100000.0,"Almadies, Dakar, Sénégal",https://images.coinafrique.com/thumb_5644579_uploaded_image1_1764272051.jpg,https://sn.coinafrique.com/annonce/chiens/chiot-bichon-maltais-5644579
3,Chiots Labradors Retriever,300000.0,"Guediawaye, Dakar, Sénégal",https://images.coinafrique.com/thumb_5640905_uploaded_image1_1764096718.jpg,https://sn.coinafrique.com/annonce/chiens/chiots-labradors-retriever-5640905
4,Chiot Malinois,200000.0,"Dakar, Sénégal",https://images.coinafrique.com/thumb_5628892_uploaded_image1_1763507006.jpg,https://sn.coinafrique.com/annonce/chiens/chiot-malinois-5628892
5,Chiot Berger Malinois,150000.0,"Almadies 2, Dakar, Sénégal",https://images.coinafrique.com/thumb_5628715_uploaded_image1_1763500388.jpg,https://sn.coinafrique.com/annonce/chiens/chiot-berger-malinois-5628715
6,Chiot Husky,350000.0,"Sicap Liberté, Dakar, Sénégal",https://images.coinafrique.com/thumb_5621149_uploaded_image1_1763076045.jpg,https://sn.coinafrique.com/annonce/chiens/chiot-husky-5621149
8,Chiot Malinois,125000.0,"Mbao, Dakar, Sénégal",https://images.coinafrique.com/thumb_5616738_uploaded_image1_1762882607.jpg,https://sn.coinafrique.com/annonce/chiens/chiot-malinois-5616738
9,Chiots Border Collie,140000.0,"Almadies, Dakar, Sénégal",https://images.coinafrique.com/thumb_5616729_uploaded_image1_1762882207.jpg,https://sn.coinafrique.com/annonce/chiens/chiots-border-collie-5616729
11,Chiot,70000.0,"Dieuppeul-Derklé, Dakar, Sénégal",https://images.coinafrique.com/thumb_5613212_uploaded_image1_1762713775.jpg,https://sn.coinafrique.com/annonce/chiens/chiot-5613212
12,Chiot Pitbull Tricolor,120000.0,"Thies, Sénégal",https://images.coinafrique.com/thumb_5610458_uploaded_image1_1762521942.jpg,https://sn.coinafrique.com/annonce/chiens/chiot-pitbull-tricolor-5610458
13,Chiot Labrador,400000.0,"Sicap Liberté, Dakar, Sénégal",https://images.coinafrique.com/thumb_5603738_uploaded_image1_1762199868.jpg,https://sn.coinafrique.com/annonce/chiens/chiot-labrador-5603738
14,Chiot Bichon maltais,125000.0,"Mariste, Dakar, Sénégal",https://images.coinafrique.com/thumb_5601862_uploaded_image1_1762106679.jpg,https://sn.coinafrique.com/annonce/chiens/chiot-bichon-maltais-5601862
16,Chiot American,170.0,"Thies, Sénégal",https://images.coinafrique.com/thumb_5579814_uploaded_image1_1760778039.jpg,https://sn.coinafrique.com/annonce/chiens/chiot-american-5579814
17,Chiot Berger Allemand,250000.0,"Sacré-Coeur, Dakar, Sénégal",https://images.coinafrique.com/thumb_5575546_uploaded_image1_1760547251.jpg,https://sn.coinafrique.com/annonce/chiens/chiot-berger-allemand-5575546
18,Bichon Maltais frisé,150000.0,"Mermoz-Sacré Coeur, Dakar, Sénégal",https://images.coinafrique.com/thumb_5572179_uploaded_image1_1760379385.jpg,https://sn.coinafrique.com/annonce/chiens/bichon-maltais-frise-5572179
19,Chiot Presa Canario,650000.0,"Thies, Sénégal",https://images.coinafrique.com/thumb_5565180_uploaded_image1_1759957391.jpg,https://sn.coinafrique.com/annonce/chiens/chiot-presa-canario-5565180
20,Chiot Berger Allemand,300000.0,"Dakar, Sénégal",https://images.coinafrique.com/thumb_5563010_uploaded_image1_1759844917.jpg,https://sn.coinafrique.com/annonce/chiens/chiot-berger-allemand-5563010
21,Chiot Husky Sibérien vacciné,400000.0,"Sicap Liberté, Dakar, Sénégal",https://images.coinafrique.com/thumb_5560240_uploaded_image1_1759709034.jpg,https://sn.coinafrique.com/annonce/chiens/chiot-husky-siberien-vaccine-5560240
22,Chiots Berger Allemand,130000.0,"Diamniadio, Sénégal",https://images.coinafrique.com/thumb_5560003_uploaded_image1_1759693627.jpg,https://sn.coinafrique.com/annonce/chiens/chiots-berger-allemand-5560003
23,Chiot Labrador,450000.0,"Sicap Liberté, Dakar, Sénégal",https://images.coinafrique.com/thumb_5550994_uploaded_image1_1759258475.jpg,https://sn.coinafrique.com/annonce/chiens/chiot-labrador-5550994
25,Croquettes pour chiens,28000.0,"Ouakam, Dakar, Sénégal",https://images.coinafrique.com/thumb_5537867_uploaded_image1_1758544788.jpg,https://sn.coinafrique.com/annonce/chiens/croquettes-pour-chiens-5537867
26,Chiot Bichon nain,200000.0,"Sicap Liberté, Dakar, Sénégal",https://images.coinafrique.com/thumb_5530652_uploaded_image1_1758128841.jpg,https://sn.coinafrique.com/annonce/chiens/chiot-bichon-nain-5530652
27,Husky pur sang femelle,250000.0,"Ouakam, Dakar, Sénégal",https://images.coinafrique.com/thumb_5528570_uploaded_image1_1758035685.jpg,https://sn.coinafrique.com/annonce/chiens/husky-pur-sang-femelle-5528570
29,Chiot pitbull,100000.0,"Thies, Sénégal",https://images.coinafrique.com/thumb_5528337_uploaded_image1_1758029337.jpg,https://sn.coinafrique.com/annonce/chiens/chiot-pitbull-5528337
30,Chiot Boerboel,375000.0,"Sicap Liberté, Dakar, Sénégal",https://images.coinafrique.com/thumb_5524708_uploaded_image1_1757840142.jpg,https://sn.coinafrique.com/annonce/chiens/chiot-boerboel-5524708
31,Chiot  Husky,350000.0,"Sacré-Coeur, Dakar, Sénégal",https://images.coinafrique.com/thumb_5524610_uploaded_image1_1757831632.jpg,https://sn.coinafrique.com/annonce/chiens/chiot-husky-5524610
32,Chiot Rottweiler,250000.0,"Pikine, Sénégal",https://images.coinafrique.com/thumb_5524392_uploaded_image1_1757805590.jpg,https://sn.coinafrique.com/annonce/chiens/chiot-rottweiler-5524392
33,Chiot Bichon,200000.0,"Sacré-Coeur, Dakar, Sénégal",https://images.coinafrique.com/thumb_5521237_uploaded_image1_1757636811.jpg,https://sn.coinafrique.com/annonce/chiens/chiot-bichon-5521237
34,Chiot,100000.0,"Thies, Sénégal",https://images.coinafrique.com/thumb_5516813_uploaded_image1_1757429045.jpg,https://sn.coinafrique.com/annonce/chiens/chiot-5516813
35,Chiot Pitbull,150.0,"Thies, Sénégal",https://images.coinafrique.com/thumb_5512296_uploaded_image1_1757182867.jpg,https://sn.coinafrique.com/annonce/chiens/chiot-pitbull-5512296
36,Chiot Berger allemand,350000.0,"Sacré-Coeur, Dakar, Sénégal",https://images.coinafrique.com/thumb_5507784_uploaded_image1_1756958536.jpg,https://sn.coinafrique.com/annonce/chiens/chiot-berger-allemand-5507784
37,Chiot Malinois,250.0,"Pikine, Sénégal",https://images.coinafrique.com/thumb_5506845_uploaded_image1_1756907976.jpg,https://sn.coinafrique.com/annonce/chiens/chiot-malinois-5506845
38,Chiots Bichons Havanais,130000.0,"Ouakam, Dakar, Sénégal",https://images.coinafrique.com/thumb_5498808_uploaded_image1_1756485463.jpg,https://sn.coinafrique.com/annonce/chiens/chiots-bichons-havanais-5498808
39,Chiots Berger Allemand,200000.0,"Almadies 2, Dakar, Sénégal",https://images.coinafrique.com/thumb_5492262_uploaded_image1_1756135491.jpg,https://sn.coinafrique.com/annonce/chiens/chiots-berger-allemand-5492262
41,Chiot Berger allemand grand gabarit,350000.0,"Sacré-Coeur, Dakar, Sénégal",https://images.coinafrique.com/thumb_5490358_uploaded_image1_1755989245.jpg,https://sn.coinafrique.com/annonce/chiens/chiot-berger-allemand-grand-gabarit-5490358
42,Chiots Labradors,300000.0,"Guediawaye, Dakar, Sénégal",https://images.coinafrique.com/thumb_5489586_uploaded_image1_1755947226.jpg,https://sn.coinafrique.com/annonce/chiens/chiots-labradors-5489586
43,Chiots Labradors,300000.0,"Guediawaye, Dakar, Sénégal",https://images.coinafrique.com/thumb_5489540_uploaded_image1_1755946028.jpg,https://sn.coinafrique.com/annonce/chiens/chiots-labradors-5489540
44,Chien  bichons,450000.0,"Dakar Plateau, Dakar, Sénégal",https://images.coinafrique.com/thumb_5489184_uploaded_image1_1755926050.jpg,https://sn.coinafrique.com/annonce/chiens/chien-bichons-5489184
45,Chiots Berger Allemand,350000.0,"Sacré-Coeur, Dakar, Sénégal",https://images.coinafrique.com/thumb_5487110_uploaded_image1_1755815195.jpg,https://sn.coinafrique.com/annonce/chiens/chiots-berger-allemand-5487110
46,Chiot Rottweiler,400000.0,"Pikine, Sénégal",https://images.coinafrique.com/thumb_5486097_uploaded_image1_1755778960.jpg,https://sn.coinafrique.com/annonce/chiens/chiot-rottweiler-5486097
47,Bichon noir,130000.0,"Dakar, Sénégal",https://images.coinafrique.com/thumb_5482763_uploaded_image1_1755623884.jpg,https://sn.coinafrique.com/annonce/chiens/bichon-noir-5482763
48,Chiot Rottweiler,300000.0,"Pikine, Sénégal",https://images.coinafrique.com/thumb_5480457_uploaded_image1_1755508783.jpg,https://sn.coinafrique.com/annonce/chiens/chiot-rottweiler-5480457
49,Chiot Bichon,200000.0,"Sacré-Coeur, Dakar, Sénégal",https://images.coinafrique.com/thumb_5474603_uploaded_image2_1755135509.jpeg,https://sn.coinafrique.com/annonce/chiens/chiot-bichon-5474603
50,bichons mâle,150000.0,"Dakar, Sénégal",https://images.coinafrique.com/thumb_5431028_uploaded_image1_1752941357.jpg,https://sn.coinafrique.com/annonce/chiens/bichons-male-5431028
51,Chiot Malinois,150000.0,"Sipres, Dakar, Sénégal",https://images.coinafrique.com/thumb_5468013_uploaded_image1_1754773485.jpg,https://sn.coinafrique.com/annonce/chiens/chiot-malinois-5468013
52,Chiot Berger allemand,250000.0,"Sacré-Coeur, Dakar, Sénégal",https://images.coinafrique.com/thumb_5467125_uploaded_image1_1754733559.jpg,https://sn.coinafrique.com/annonce/chiens/chiot-berger-allemand-5467125
53,Chiots Berger Allemand,150000.0,"Saint Louis, Sénégal",https://images.coinafrique.com/thumb_5466408_uploaded_image1_1754682101.jpg,https://sn.coinafrique.com/annonce/chiens/chiots-berger-allemand-5466408
54,Chat siamois,100000.0,"Almadies, Dakar, Sénégal",https://images.coinafrique.com/thumb_5465444_uploaded_image1_1754649176.jpg,https://sn.coinafrique.com/annonce/chiens/chat-siamois-5465444
55,Chiot Hamster syrien,5000.0,"Almadies, Dakar, Sénégal",https://images.coinafrique.com/thumb_5465432_uploaded_image1_1754648750.jpg,https://sn.coinafrique.com/annonce/chiens/chiot-hamster-syrien-5465432
57,Chiots Berger,150000.0,"Thies, Sénégal",https://images.coinafrique.com/thumb_5463591_uploaded_image1_1754561119.jpg,https://sn.coinafrique.com/annonce/chiens/chiots-berger-5463591
58,Chiots Berger allemend,150000.0,"Thies, Sénégal",https://images.coinafrique.com/thumb_5463584_uploaded_image1_1754560979.jpg,https://sn.coinafrique.com/annonce/chiens/chiots-berger-allemend-5463584
59,Chiots Berger allemend,150000.0,"Thies, Sénégal",https://images.coinafrique.com/thumb_5463567_uploaded_image1_1754560541.jpg,https://sn.coinafrique.com/annonce/chiens/chiots-berger-allemend-5463567
60,Chiot Malinois,300000.0,"Mbao, Dakar, Sénégal",https://images.coinafrique.com/thumb_5462776_uploaded_image1_1754507012.jpg,https://sn.coinafrique.com/annonce/chiens/chiot-malinois-5462776
61,Chiot Husky,350000.0,"Pikine, Sénégal",https://images.coinafrique.com/thumb_5456601_uploaded_image1_1754217248.jpg,https://sn.coinafrique.com/annonce/chiens/chiot-husky-5456601
62,Chiots malinois de parents importés de bordeaux france,250000.0,"Thies, Sénégal",https://images.coinafrique.com/thumb_5455656_uploaded_image1_1754152274.jpg,https://sn.coinafrique.com/annonce/chiens/chiots-malinois-de-parents-importes-de-bordeaux-france-5455656
63,Chiot Rottweiler,290000.0,"Pikine, Sénégal",https://images.coinafrique.com/thumb_5453153_uploaded_image1_1754039656.jpg,https://sn.coinafrique.com/annonce/chiens/chiot-rottweiler-5453153
64,Chiot Berger Allemand,120000.0,"Lac rose, Sénégal",https://images.coinafrique.com/thumb_5443216_uploaded_image1_1753548558.jpg,https://sn.coinafrique.com/annonce/chiens/chiot-berger-allemand-5443216
65,Chiot Berger allemand,150000.0,"Pikine, Sénégal",https://images.coinafrique.com/thumb_5439144_uploaded_image1_1753362359.jpg,https://sn.coinafrique.com/annonce/chiens/chiot-berger-allemand-5439144
66,Chiot Bichon maltes,180000.0,"HLM, Dakar, Sénégal",https://images.coinafrique.com/thumb_5435956_uploaded_image1_1753216215.jpg,https://sn.coinafrique.com/annonce/chiens/chiot-bichon-maltes-5435956
67,Chiots Berger allemand,180000.0,"Keur Massar, Sénégal",https://images.coinafrique.com/thumb_5429666_uploaded_image1_1752845223.jpg,https://sn.coinafrique.com/annonce/chiens/chiots-berger-allemand-5429666
68,Chiot Berger Allemand,150000.0,"HLM, Dakar, Sénégal",https://images.coinafrique.com/thumb_5387119_uploaded_image2_1750623407.jpeg,https://sn.coinafrique.com/annonce/chiens/chiot-berger-allemand-5387119
69,Bichon maltaise,150000.0,"HLM, Dakar, Sénégal",https://images.coinafrique.com/thumb_5386842_uploaded_image1_1750611237.jpg,https://sn.coinafrique.com/annonce/chiens/bichon-maltaise-5386842
70,Chien Boerboell,650000.0,"HLM, Dakar, Sénégal",https://images.coinafrique.com/thumb_5386827_uploaded_image1_1750610656.jpg,https://sn.coinafrique.com/annonce/chiens/chien-boerboell-5386827
71,Chiot Berger allemand,170.0,"Pikine, Sénégal",https://images.coinafrique.com/thumb_5425744_uploaded_image1_1752657035.jpg,https://sn.coinafrique.com/annonce/chiens/chiot-berger-allemand-5425744
72,Chiots Cane Corso,400000.0,"Sicap Liberté, Dakar, Sénégal",https://images.coinafrique.com/thumb_5400421_uploaded_image1_1751373309.jpg,https://sn.coinafrique.com/annonce/chiens/chiots-cane-corso-5400421
73,Chiot Husky,300000.0,"Ouakam, Dakar, Sénégal",https://images.coinafrique.com/thumb_5397542_uploaded_image1_1751222051.jpg,https://sn.coinafrique.com/annonce/chiens/chiot-husky-5397542
75,Berger Malinois Métis,200000.0,"Sacré-Coeur, Dakar, Sénégal",https://images.coinafrique.com/thumb_5389289_uploaded_image1_1750742046.jpg,https://sn.coinafrique.com/annonce/chiens/berger-malinois-metis-5389289
76,Chiot Husky male,350000.0,"Sacré-Coeur, Dakar, Sénégal",https://images.coinafrique.com/thumb_5385417_uploaded_image1_1750511517.jpg,https://sn.coinafrique.com/annonce/chiens/chiot-husky-male-5385417
77,Chiot Berger malinois,300000.0,"Rufisque, Sénégal",https://images.coinafrique.com/thumb_5384862_uploaded_image1_1750465161.jpg,https://sn.coinafrique.com/annonce/chiens/chiot-berger-malinois-5384862
78,Chiots Bichons Maltais,150000.0,"Sicap Liberté, Dakar, Sénégal",https://images.coinafrique.com/thumb_5383547_uploaded_image1_1750415126.jpg,https://sn.coinafrique.com/annonce/chiens/chiots-bichons-maltais-5383547
80,Chiot Berger Allemand,160000.0,"Dakar, Sénégal",https://images.coinafrique.com/thumb_5379204_uploaded_image1_1750179653.jpg,https://sn.coinafrique.com/annonce/chiens/chiot-berger-allemand-5379204
81,Chiots Bichons maltais,150000.0,"Dakar, Sénégal",https://images.coinafrique.com/thumb_5377145_uploaded_image1_1750084686.jpg,https://sn.coinafrique.com/annonce/chiens/chiots-bichons-maltais-5377145
82,Chiot Berger allemand,150000.0,"Pikine, Sénégal",https://images.coinafrique.com/thumb_5376933_uploaded_image1_1750077698.jpg,https://sn.coinafrique.com/annonce/chiens/chiot-berger-allemand-5376933
84,Métisse rock berger,75000.0,"Mamelles, Dakar, Sénégal",https://images.coinafrique.com/thumb_5360685_uploaded_image1_1749060096.06.jpeg,https://sn.coinafrique.com/annonce/chiens/metisse-rock-berger-5360685
85,Husky et Rotweiller,300000.0,"Sacré-Coeur, Dakar, Sénégal",https://images.coinafrique.com/thumb_5357616_uploaded_image1_1748916757.jpg,https://sn.coinafrique.com/annonce/chiens/husky-et-rotweiller-5357616
86,Chiots bichon,200000.0,"Mamelles, Dakar, Sénégal",https://images.coinafrique.com/thumb_5357093_uploaded_image1_1748892640.jpg,https://sn.coinafrique.com/annonce/chiens/chiots-bichon-5357093
88,Chiot Américain,200.0,"Thies, Sénégal",https://images.coinafrique.com/thumb_5353266_uploaded_image1_1748682865.jpg,https://sn.coinafrique.com/annonce/chiens/chiot-americain-5353266
89,Chiots Berger Allemand,175000.0,"Mbao, Dakar, Sénégal",https://images.coinafrique.com/thumb_5352744_uploaded_image2_1748635949.jpeg,https://sn.coinafrique.com/annonce/chiens/chiots-berger-allemand-5352744
90,Chiots Husky,300000.0,"Ouest Foire, Dakar, Sénégal",https://images.coinafrique.com/thumb_5341514_uploaded_image1_1747985445.jpg,https://sn.coinafrique.com/annonce/chiens/chiots-husky-5341514
91,Chien,130000.0,"Almadies, Dakar, Sénégal",https://images.coinafrique.com/thumb_5341402_uploaded_image1_1747971696.jpg,https://sn.coinafrique.com/annonce/chiens/chien-5341402
93,Berger Allemand,150000.0,"Pikine, Sénégal",https://images.coinafrique.com/thumb_5340528_uploaded_image1_1747919294.jpg,https://sn.coinafrique.com/annonce/chiens/berger-allemand-5340528
94,Chiot Boerboul,275.0,"Pikine, Sénégal",https://images.coinafrique.com/thumb_5338244_uploaded_image1_1747822800.jpg,https://sn.coinafrique.com/annonce/chiens/chiot-boerboul-5338244
95,Chiot Berger Allemand,250000.0,"Fann, Dakar, Sénégal",https://images.coinafrique.com/thumb_5336125_uploaded_image1_1747687556.jpg,https://sn.coinafrique.com/annonce/chiens/chiot-berger-allemand-5336125
96,Chiot Pitbull Terrier,250000.0,"Thies, Sénégal",https://images.coinafrique.com/thumb_5335882_uploaded_image1_1747679076.jpg,https://sn.coinafrique.com/annonce/chiens/chiot-pitbull-terrier-5335882
97,Chien de salon,150000.0,"Almadies, Dakar, Sénégal",https://images.coinafrique.com/thumb_5332506_uploaded_image1_1747475557.jpg,https://sn.coinafrique.com/annonce/chiens/chien-de-salon-5332506
98,Chiot Husky,300000.0,"Sacré-Coeur, Dakar, Sénégal",https://images.coinafrique.com/thumb_5328800_uploaded_image1_1747289408.jpg,https://sn.coinafrique.com/annonce/chiens/chiot-husky-5328800
99,Chiot Bichon Havanais,150000.0,"Ouakam, Dakar, Sénégal",https://images.coinafrique.com/thumb_5326499_uploaded_image1_1747172729.jpg,https://sn.coinafrique.com/annonce/chiens/chiot-bichon-havanais-5326499
100,Chiot Spitz Nain,800000.0,"Thies, Sénégal",https://images.coinafrique.com/thumb_5326291_uploaded_image1_1747165396.jpg,https://sn.coinafrique.com/annonce/chiens/chiot-spitz-nain-5326291
101,Chiot Bichon Maltais,115000.0,"Dieuppeul-Derklé, Dakar, Sénégal",https://images.coinafrique.com/thumb_5326102_uploaded_image1_1747153443.jpg,https://sn.coinafrique.com/annonce/chiens/chiot-bichon-maltais-5326102
105,Chiot Berger Allemand,150000.0,"Thies, Sénégal",https://images.coinafrique.com/thumb_5321695_uploaded_image1_1746899509.jpg,https://sn.coinafrique.com/annonce/chiens/chiot-berger-allemand-5321695
106,Chiot Rotweiller,350000.0,"Sacré-Coeur, Dakar, Sénégal",https://images.coinafrique.com/thumb_5321351_uploaded_image1_1746881645.jpg,https://sn.coinafrique.com/annonce/chiens/chiot-rotweiller-5321351
108,Chiot Berger allemand,200000.0,"Sacré-Coeur, Dakar, Sénégal",https://images.coinafrique.com/thumb_5317080_uploaded_image1_1746680060.jpg,https://sn.coinafrique.com/annonce/chiens/chiot-berger-allemand-5317080
109,Chiots Labradors,120000.0,"Thies, Sénégal",https://images.coinafrique.com/thumb_5316749_uploaded_image1_1746650873.jpg,https://sn.coinafrique.com/annonce/chiens/chiots-labradors-5316749
110,Vente Berger Femelle,400.0,"Guediawaye, Dakar, Sénégal",https://images.coinafrique.com/thumb_5305053_uploaded_image1_1746020493.jpg,https://sn.coinafrique.com/annonce/chiens/vente-berger-femelle-5305053
112,Chiot,380000.0,"Almadies, Dakar, Sénégal",https://images.coinafrique.com/thumb_5302773_uploaded_image1_1745911831.jpg,https://sn.coinafrique.com/annonce/chiens/chiot-5302773
113,Chiot femelle cane corso,350000.0,"Sacré-Coeur, Dakar, Sénégal",https://images.coinafrique.com/thumb_5299584_uploaded_image1_1745674318.jpg,https://sn.coinafrique.com/annonce/chiens/chiot-femelle-cane-corso-5299584
114,Chiot Berger Allemand,200000.0,"Sacré-Coeur, Dakar, Sénégal",https://images.coinafrique.com/thumb_5298958_uploaded_image1_1745627639.jpg,https://sn.coinafrique.com/annonce/chiens/chiot-berger-allemand-5298958
116,Chiot Berger allemand,250000.0,"Mbour, Sénégal",https://images.coinafrique.com/thumb_5290700_uploaded_image1_1745194550.jpg,https://sn.coinafrique.com/annonce/chiens/chiot-berger-allemand-5290700
118,Chiot Bichon Havanais,150000.0,"Ouakam, Dakar, Sénégal",https://images.coinafrique.com/thumb_5272964_uploaded_image2_1744165161.jpeg,https://sn.coinafrique.com/annonce/chiens/chiot-bichon-havanais-5272964
119,Chiot Berger Allemand,150000.0,"Sacré-Coeur, Dakar, Sénégal",https://images.coinafrique.com/thumb_5268192_uploaded_image1_1743934250.jpg,https://sn.coinafrique.com/annonce/chiens/chiot-berger-allemand-5268192
122,Chiots Pitbull,150000.0,"Mbao, Dakar, Sénégal",https://images.coinafrique.com/thumb_5253443_uploaded_image1_1743081531.jpg,https://sn.coinafrique.com/annonce/chiens/chiots-pitbull-5253443
123,Chiots Husky,200000.0,"Mbao, Dakar, Sénégal",https://images.coinafrique.com/thumb_5253441_uploaded_image1_1743081336.jpg,https://sn.coinafrique.com/annonce/chiens/chiots-husky-5253441
127,Chiots  Cane Corso,400000.0,"Sicap foire, Dakar, Sénégal",https://images.coinafrique.com/thumb_5243684_uploaded_image1_1742560976.jpg,https://sn.coinafrique.com/annonce/chiens/chiots-cane-corso-5243684
128,Chiots Berger Allemand,300000.0,"Mbour, Sénégal",https://images.coinafrique.com/thumb_5228717_uploaded_image1_1741792512.jpg,https://sn.coinafrique.com/annonce/chiens/chiots-berger-allemand-5228717
129,Chiots,150000.0,"Pikine, Sénégal",https://images.coinafrique.com/thumb_5222994_uploaded_image1_1741542631.jpg,https://sn.coinafrique.com/annonce/chiens/chiots-5222994
132,Chiot Berger Allemand,150000.0,"Pikine, Sénégal",https://images.coinafrique.com/thumb_5222675_uploaded_image1_1741529199.jpg,https://sn.coinafrique.com/annonce/chiens/chiot-berger-allemand-5222675
133,Chiot Bichon Maltais,175000.0,"Ouakam, Dakar, Sénégal",https://images.coinafrique.com/thumb_5221815_uploaded_image2_1741461038.jpeg,https://sn.coinafrique.com/annonce/chiens/chiot-bichon-maltais-5221815
134,Chiot Malinois,250000.0,"Thies, Sénégal",https://images.coinafrique.com/thumb_5213981_uploaded_image1_1741092394.jpg,https://sn.coinafrique.com/annonce/chiens/chiot-malinois-5213981
135,Chiot Rott,300000.0,"Thies, Sénégal",https://images.coinafrique.com/thumb_5213979_uploaded_image1_1741092307.jpg,https://sn.coinafrique.com/annonce/chiens/chiot-rott-5213979
136,Chiot Bichons Havanais,130000.0,"Ouakam, Dakar, Sénégal",https://images.coinafrique.com/thumb_5199916_uploaded_image1_1740355901.jpg,https://sn.coinafrique.com/annonce/chiens/chiot-bichons-havanais-5199916
137,Chiot Berger Allemand,400000.0,"Mbao, Dakar, Sénégal",https://images.coinafrique.com/thumb_5199105_uploaded_image1_1740305314.jpg,https://sn.coinafrique.com/annonce/chiens/chiot-berger-allemand-5199105
138,Chiot Rott,200000.0,"Diamniadio, Sénégal",https://images.coinafrique.com/thumb_5192129_uploaded_image1_1739908831.jpg,https://sn.coinafrique.com/annonce/chiens/chiot-rott-5192129
140,Chiot Berger Allemand,130000.0,"Pikine, Sénégal",https://images.coinafrique.com/thumb_5186005_uploaded_image1_1739548062.jpg,https://sn.coinafrique.com/annonce/chiens/chiot-berger-allemand-5186005
142,Chiot Rottweiler,350000.0,"Sacré-Coeur, Dakar, Sénégal",https://images.coinafrique.com/thumb_5161997_uploaded_image1_1738308372.jpg,https://sn.coinafrique.com/annonce/chiens/chiot-rottweiler-5161997
143,Chiots Doberman,400000.0,"HLM, Dakar, Sénégal",https://images.coinafrique.com/thumb_5158454_uploaded_image1_1738138116.jpg,https://sn.coinafrique.com/annonce/chiens/chiots-doberman-5158454
144,Chien Rottewaler,300000.0,"Dakar Plateau, Dakar, Sénégal",https://images.coinafrique.com/thumb_5155571_uploaded_image1_1737992590.jpg,https://sn.coinafrique.com/annonce/chiens/chien-rottewaler-5155571
146,Chiots Bichons,175000.0,"Mamelles, Dakar, Sénégal",https://images.coinafrique.com/thumb_5133780_uploaded_image1_1736845188.jpg,https://sn.coinafrique.com/annonce/chiens/chiots-bichons-5133780
147,Chiot Berger Allemand,130000.0,"Dakar, Sénégal",https://images.coinafrique.com/thumb_5131922_uploaded_image1_1736729395.jpg,https://sn.coinafrique.com/annonce/chiens/chiot-berger-allemand-5131922
148,Chiot Berger Allemand,250000.0,"Sacré-Coeur, Dakar, Sénégal",https://images.coinafrique.com/thumb_5127074_uploaded_image1_1736431592.jpg,https://sn.coinafrique.com/annonce/chiens/chiot-berger-allemand-5127074
149,Chien,275.0,"Dakar, Sénégal",https://images.coinafrique.com/thumb_5124976_uploaded_image1_1736338081.jpg,https://sn.coinafrique.com/annonce/chiens/chien-5124976
150,Chiot Berger Allemand,210000.0,"Fann, Dakar, Sénégal",https://images.coinafrique.com/thumb_5114394_uploaded_image1_1735682024.jpg,https://sn.coinafrique.com/annonce/chiens/chiot-berger-allemand-5114394
153,Chiot Bichon Maltais,80000.0,"Sicap Liberté, Dakar, Sénégal",https://images.coinafrique.com/thumb_5085599_uploaded_image1_1733856381.jpg,https://sn.coinafrique.com/annonce/chiens/chiot-bichon-maltais-5085599
154,Chiot Bichon Maltais,80000.0,"Sicap Liberté, Dakar, Sénégal",https://images.coinafrique.com/thumb_5085597_uploaded_image1_1733856273.jpg,https://sn.coinafrique.com/annonce/chiens/chiot-bichon-maltais-5085597
155,Chiot Bichon Maltais,80000.0,"Sicap Liberté, Dakar, Sénégal",https://images.coinafrique.com/thumb_5085579_uploaded_image1_1733854971.jpg,https://sn.coinafrique.com/annonce/chiens/chiot-bichon-maltais-5085579
156,Berger malinois,250000.0,"Mbao, Dakar, Sénégal",https://images.coinafrique.com/thumb_5078573_uploaded_image1_1733447779.jpg,https://sn.coinafrique.com/annonce/chiens/berger-malinois-5078573
158,Caniche mâle,650000.0,"Almadies 2, Dakar, Sénégal",https://images.coinafrique.com/thumb_5054275_uploaded_image1_1732162667.jpg,https://sn.coinafrique.com/annonce/chiens/caniche-male-5054275
159,Chiot chihuahuas,250000.0,"Sicap Liberté, Dakar, Sénégal",https://images.coinafrique.com/thumb_5045245_uploaded_image1_1731667358.jpg,https://sn.coinafrique.com/annonce/chiens/chiot-chihuahuas-5045245
160,Chiot Rottweiler,300000.0,"Mbao, Dakar, Sénégal",https://images.coinafrique.com/thumb_5044649_uploaded_image1_1731627517.jpg,https://sn.coinafrique.com/annonce/chiens/chiot-rottweiler-5044649
162,Chiot Berger Allemand,350000.0,"Guediawaye, Dakar, Sénégal",https://images.coinafrique.com/thumb_5016564_uploaded_image1_1730217865.jpg,https://sn.coinafrique.com/annonce/chiens/chiot-berger-allemand-5016564
163,Chiots Berger Allemand,250000.0,"Saint Louis, Sénégal",https://images.coinafrique.com/thumb_5013765_uploaded_image1_1730056659.jpg,https://sn.coinafrique.com/annonce/chiens/chiots-berger-allemand-5013765
164,Chiot Berger Allemand,130000.0,"Niaga, Sénégal",https://images.coinafrique.com/thumb_5006641_uploaded_image1_1729624663.jpg,https://sn.coinafrique.com/annonce/chiens/chiot-berger-allemand-5006641
165,Chiot Rottweiler,250.0,"Dakar, Sénégal",https://images.coinafrique.com/thumb_5004868_uploaded_image1_1729539442.jpg,https://sn.coinafrique.com/annonce/chiens/chiot-rottweiler-5004868
168,Berger allemand femelle,155000.0,"Diamniadio, Sénégal",https://images.coinafrique.com/thumb_4996897_uploaded_image1_1729087539.jpg,https://sn.coinafrique.com/annonce/chiens/berger-allemand-femelle-4996897
169,Chiot Bichon Maltais,300000.0,"Yoff, Dakar, Sénégal",https://images.coinafrique.com/thumb_4993670_uploaded_image1_1728931466.jpg,https://sn.coinafrique.com/annonce/chiens/chiot-bichon-maltais-4993670
170,Chien,350000.0,"Keur Massar, Sénégal",https://images.coinafrique.com/thumb_4969495_uploaded_image1_1727744912.jpg,https://sn.coinafrique.com/annonce/chiens/chien-4969495
171,Bichon maltais pur race,180000.0,"Sicap Liberté, Dakar, Sénégal",https://images.coinafrique.com/thumb_4968565_uploaded_image1_1727702109.jpg,https://sn.coinafrique.com/annonce/chiens/bichon-maltais-pur-race-4968565
172,Bichon maltais,180000.0,"Sicap Liberté, Dakar, Sénégal",https://images.coinafrique.com/thumb_4968555_uploaded_image1_1727701801.jpg,https://sn.coinafrique.com/annonce/chiens/bichon-maltais-4968555
173,Chiots croisé Boer et Root,150000.0,"Cambérène, Dakar, Sénégal",https://images.coinafrique.com/thumb_4919750_uploaded_image1_1725108338.jpg,https://sn.coinafrique.com/annonce/chiens/chiots-croise-boer-et-root-4919750
174,chiot boerboel,500000.0,"Mbour, Sénégal",https://images.coinafrique.com/thumb_4960771_uploaded_image1_1727238490.jpg,https://sn.coinafrique.com/annonce/chiens/chiot-boerboel-4960771
175,Chiot Bichon Maltais,120000.0,"Mbao, Dakar, Sénégal",https://images.coinafrique.com/thumb_4953991_uploaded_image1_1726857246.jpg,https://sn.coinafrique.com/annonce/chiens/chiot-bichon-maltais-4953991
177,Chiot Bichon,120000.0,"Sacré-Coeur, Dakar, Sénégal",https://images.coinafrique.com/thumb_4951836_uploaded_image1_1726753152.jpg,https://sn.coinafrique.com/annonce/chiens/chiot-bichon-4951836
178,Chiot Boerboel,250000.0,"Dakar, Sénégal",https://images.coinafrique.com/thumb_4951796_uploaded_image1_1726751862.jpg,https://sn.coinafrique.com/annonce/chiens/chiot-boerboel-4951796
179,Chiots Pitbull,200000.0,"Dakar, Sénégal",https://images.coinafrique.com/thumb_4951773_uploaded_image1_1726751081.jpg,https://sn.coinafrique.com/annonce/chiens/chiots-pitbull-4951773
180,Chiot chihuahua,390000.0,"Ngaparou, Sénégal",https://images.coinafrique.com/thumb_4946002_uploaded_image1_1726441968.jpg,https://sn.coinafrique.com/annonce/chiens/chiot-chihuahua-4946002
181,Chiot Berger Allemand,100000.0,"Thies, Sénégal",https://images.coinafrique.com/thumb_4943304_uploaded_image1_1726252041.jpg,https://sn.coinafrique.com/annonce/chiens/chiot-berger-allemand-4943304
182,Couple de chiot de race,75000.0,"Ngor, Dakar, Sénégal",https://images.coinafrique.com/thumb_4937044_uploaded_image1_1725971142.jpg,https://sn.coinafrique.com/annonce/chiens/couple-de-chiot-de-race-4937044
183,Chiot Bichon,180000.0,"Mamelles, Dakar, Sénégal",https://images.coinafrique.com/thumb_4935684_uploaded_image1_1725899364.jpg,https://sn.coinafrique.com/annonce/chiens/chiot-bichon-4935684
184,Lolou de pomeranien,700000.0,"Dakar, Sénégal",https://images.coinafrique.com/thumb_4934169_uploaded_image1_1725812855.jpg,https://sn.coinafrique.com/annonce/chiens/lolou-de-pomeranien-4934169
185,Chiot bichon Maltais,150000.0,"Keur Massar, Sénégal",https://images.coinafrique.com/thumb_4934038_uploaded_image1_1725809065.jpg,https://sn.coinafrique.com/annonce/chiens/chiot-bichon-maltais-4934038
186,Chiot Rottweiler,300000.0,"Thies, Sénégal",https://images.coinafrique.com/thumb_4920593_uploaded_image1_1725147642.jpg,https://sn.coinafrique.com/annonce/chiens/chiot-rottweiler-4920593
187,Berger Malinois,200000.0,"Dakar, Sénégal",https://images.coinafrique.com/thumb_4910751_uploaded_image1_1724605148.jpg,https://sn.coinafrique.com/annonce/chiens/berger-malinois-4910751
188,Chiot femelle caniche,150000.0,"Thies, Sénégal",https://images.coinafrique.com/thumb_4893046_uploaded_image1_1723590343.jpg,https://sn.coinafrique.com/annonce/chiens/chiot-femelle-caniche-4893046
189,Chiot Berger Allemand,150000.0,"Dakar, Sénégal",https://images.coinafrique.com/thumb_4892261_uploaded_image1_1723561480.jpg,https://sn.coinafrique.com/annonce/chiens/chiot-berger-allemand-4892261
190,Berger allemand,150000.0,"Keur Massar, Sénégal",https://images.coinafrique.com/thumb_4888701_uploaded_image1_1723387152.jpg,https://sn.coinafrique.com/annonce/chiens/berger-allemand-4888701
191,Chiot Berger Malinois,300000.0,"Mbour, Sénégal",https://images.coinafrique.com/thumb_4887929_uploaded_image1_1723329270.jpg,https://sn.coinafrique.com/annonce/chiens/chiot-berger-malinois-4887929
192,Berger Allemand,150000.0,"Almadies 2, Dakar, Sénégal",https://images.coinafrique.com/thumb_4885136_uploaded_image1_1723173479.jpg,https://sn.coinafrique.com/annonce/chiens/berger-allemand-4885136
193,Pitbull,135000.0,"Almadies 2, Dakar, Sénégal",https://images.coinafrique.com/thumb_4885134_uploaded_image1_1723173253.jpg,https://sn.coinafrique.com/annonce/chiens/pitbull-4885134
194,Golden Retriever,300000.0,"Almadies 2, Dakar, Sénégal",https://images.coinafrique.com/thumb_4885131_uploaded_image1_1723173005.jpg,https://sn.coinafrique.com/annonce/chiens/golden-retriever-4885131
195,Chiot Berger Allemand,150000.0,"Cambérène, Dakar, Sénégal",https://images.coinafrique.com/thumb_4875998_uploaded_image1_1722728517.jpg,https://sn.coinafrique.com/annonce/chiens/chiot-berger-allemand-4875998
196,Chiot Caniche,150000.0,"Thies, Sénégal",https://images.coinafrique.com/thumb_4867390_uploaded_image1_1722338649.jpg,https://sn.coinafrique.com/annonce/chiens/chiot-caniche-4867390
197,Bichons maltin pure race,250000.0,"HLM, Dakar, Sénégal",https://images.coinafrique.com/thumb_4865327_uploaded_image1_1722209598.jpg,https://sn.coinafrique.com/annonce/chiens/bichons-maltin-pure-race-4865327
198,Chiots berger allemand,150000.0,"Keur Massar, Sénégal",https://images.coinafrique.com/thumb_4858734_uploaded_image1_1721829571.jpg,https://sn.coinafrique.com/annonce/chiens/chiots-berger-allemand-4858734
199,Chiots Golden retriever,650000.0,"Dakar Plateau, Dakar, Sénégal",https://images.coinafrique.com/thumb_4853861_uploaded_image1_1721576301.jpg,https://sn.coinafrique.com/annonce/chiens/chiots-golden-retriever-4853861
200,Chiot Chiwawa,550000.0,"Dakar Plateau, Dakar, Sénégal",https://images.coinafrique.com/thumb_4853647_uploaded_image1_1721564020.jpg,https://sn.coinafrique.com/annonce/chiens/chiot-chiwawa-4853647
201,Chiot Husky,200000.0,"Mbour, Sénégal",https://images.coinafrique.com/thumb_4852383_uploaded_image1_1721477152.jpg,https://sn.coinafrique.com/annonce/chiens/chiot-husky-4852383
203,Chiot Belgian Malinois charbonne,250000.0,"Yoff, Dakar, Sénégal",https://images.coinafrique.com/thumb_4850412_uploaded_image1_1721376820.jpg,https://sn.coinafrique.com/annonce/chiens/chiot-belgian-malinois-charbonne-4850412
204,Chiots Rottweiler,250000.0,"Mariste, Dakar, Sénégal",https://images.coinafrique.com/thumb_4848898_uploaded_image1_1721301203.jpg,https://sn.coinafrique.com/annonce/chiens/chiots-rottweiler-4848898
205,Chiots spitz nain,800000.0,"Dakar Plateau, Dakar, Sénégal",https://images.coinafrique.com/thumb_4845887_uploaded_image1_1721141629.jpg,https://sn.coinafrique.com/annonce/chiens/chiots-spitz-nain-4845887
206,Berger allemand,150000.0,"Diamniadio, Sénégal",https://images.coinafrique.com/thumb_4845561_uploaded_image1_1721130362.jpg,https://sn.coinafrique.com/annonce/chiens/berger-allemand-4845561
207,Berger Allemand,150000.0,"Cambérène, Dakar, Sénégal",https://images.coinafrique.com/thumb_4840125_uploaded_image1_1720797730.jpg,https://sn.coinafrique.com/annonce/chiens/berger-allemand-4840125
208,Chiots Berger Allemand,350000.0,"Parcelle Assainies, Dakar, Sénégal",https://images.coinafrique.com/thumb_4837526_uploaded_image1_1720683729.jpg,https://sn.coinafrique.com/annonce/chiens/chiots-berger-allemand-4837526
209,Berger Allemand poil long,150000.0,"Thies, Sénégal",https://images.coinafrique.com/thumb_4834152_uploaded_image1_1720526802.jpg,https://sn.coinafrique.com/annonce/chiens/berger-allemand-poil-long-4834152
210,Chiens de race,250000.0,"HLM, Dakar, Sénégal",https://images.coinafrique.com/thumb_4829755_uploaded_image1_1720296424.jpg,https://sn.coinafrique.com/annonce/chiens/chiens-de-race-4829755
211,Chiens de race,500000.0,"HLM, Dakar, Sénégal",https://images.coinafrique.com/thumb_4829728_uploaded_image1_1720295748.jpg,https://sn.coinafrique.com/annonce/chiens/chiens-de-race-4829728
212,Chiots Berger Allemand,160000.0,"Cambérène, Dakar, Sénégal",https://images.coinafrique.com/thumb_4817314_uploaded_image1_1719692246.jpg,https://sn.coinafrique.com/annonce/chiens/chiots-berger-allemand-4817314
213,Chiot Husky pur sang,250000.0,"Ouest Foire, Dakar, Sénégal",https://images.coinafrique.com/thumb_4814513_uploaded_image1_1719531765.jpg,https://sn.coinafrique.com/annonce/chiens/chiot-husky-pur-sang-4814513
215,Chiot Malinois 4 mois,275.0,"Dakar, Sénégal",https://images.coinafrique.com/thumb_4807147_uploaded_image2_1719173692.jpeg,https://sn.coinafrique.com/annonce/chiens/chiot-malinois-4-mois-4807147
216,Chien Malinois,77963888.0,"Dakar, Sénégal",https://images.coinafrique.com/thumb_4806294_uploaded_image1_1719106703.jpg,https://sn.coinafrique.com/annonce/chiens/chien-malinois-4806294
217,Bichon Maltais,779638883.0,"Dakar, Sénégal",https://images.coinafrique.com/thumb_4806292_uploaded_image1_1719106602.jpg,https://sn.coinafrique.com/annonce/chiens/bichon-maltais-4806292
218,Chiot malinois femelle,250000.0,"Saly, Sénégal",https://images.coinafrique.com/thumb_4795597_uploaded_image1_1718373916.jpg,https://sn.coinafrique.com/annonce/chiens/chiot-malinois-femelle-4795597
219,Chiots Berger Allemand,400000.0,"Mbour, Sénégal",https://images.coinafrique.com/thumb_4764005_uploaded_image1_1716798431.jpg,https://sn.coinafrique.com/annonce/chiens/chiots-berger-allemand-4764005
220,Chiots Berger XL,250000.0,"Saly, Sénégal",https://images.coinafrique.com/thumb_4758802_uploaded_image1_1716485273.jpg,https://sn.coinafrique.com/annonce/chiens/chiots-berger-xl-4758802
221,Chiot Malinois,290.0,"Dakar, Sénégal",https://images.coinafrique.com/thumb_4755803_uploaded_image1_1716366578.jpg,https://sn.coinafrique.com/annonce/chiens/chiot-malinois-4755803
222,Chien Husky,300000.0,"Ouest Foire, Dakar, Sénégal",https://images.coinafrique.com/thumb_4755258_uploaded_image1_1716323395.jpg,https://sn.coinafrique.com/annonce/chiens/chien-husky-4755258
223,Chiots,20000.0,"Gorée, Dakar, Sénégal",https://images.coinafrique.com/thumb_4740260_uploaded_image1_1715562134.jpg,https://sn.coinafrique.com/annonce/chiens/chiots-4740260
224,Chiot Bichon,150000.0,"Grand Yoff, Dakar, Sénégal",https://images.coinafrique.com/thumb_4739575_uploaded_image1_1715527231.jpg,https://sn.coinafrique.com/annonce/chiens/chiot-bichon-4739575
225,Rottweiler,300000.0,"Dakar, Sénégal",https://images.coinafrique.com/thumb_4727689_uploaded_image1_1714948146.jpg,https://sn.coinafrique.com/annonce/chiens/rottweiler-4727689
226,Berger Allemand Femelle,500000.0,"Dakar, Sénégal",https://images.coinafrique.com/thumb_4717577_uploaded_image1_1714468820.jpg,https://sn.coinafrique.com/annonce/chiens/berger-allemand-femelle-4717577
227,Chien Berger Allemand,200000.0,"Guediawaye, Dakar, Sénégal",https://images.coinafrique.com/thumb_4716925_uploaded_image1_1714422080.jpg,https://sn.coinafrique.com/annonce/chiens/chien-berger-allemand-4716925
228,Femelle Apbt Brinze,250000.0,"Dakar, Sénégal",https://images.coinafrique.com/thumb_4711619_uploaded_image1_1714093089.jpg,https://sn.coinafrique.com/annonce/chiens/femelle-apbt-brinze-4711619
229,Chiot Malinois,779638883.0,"Dakar, Sénégal",https://images.coinafrique.com/thumb_4695228_uploaded_image1_1713282119.jpg,https://sn.coinafrique.com/annonce/chiens/chiot-malinois-4695228
230,Chiot Bichon Maltais,777621466.0,"Dakar, Sénégal",https://images.coinafrique.com/thumb_4683644_uploaded_image1_1712667997.jpg,https://sn.coinafrique.com/annonce/chiens/chiot-bichon-maltais-4683644
232,Chiot Ridgback,500000.0,"Diamniadio, Sénégal",https://images.coinafrique.com/thumb_4680610_uploaded_image1_1712497780.jpg,https://sn.coinafrique.com/annonce/chiens/chiot-ridgback-4680610
233,Malinois mal,250.0,"Dakar, Sénégal",https://images.coinafrique.com/thumb_4679677_uploaded_image1_1712423347.jpg,https://sn.coinafrique.com/annonce/chiens/malinois-mal-4679677
234,Chien Berger Allemand,310000.0,"Rufisque, Sénégal",https://images.coinafrique.com/thumb_4679501_uploaded_image1_1712415418.jpg,https://sn.coinafrique.com/annonce/chiens/chien-berger-allemand-4679501
235,Chiots Bichons Maltais,100000.0,"Ouest Foire, Dakar, Sénégal",https://images.coinafrique.com/thumb_4672174_uploaded_image1_1712086423.jpg,https://sn.coinafrique.com/annonce/chiens/chiots-bichons-maltais-4672174
236,Chiot Berger Allemand,150000.0,"Guediawaye, Dakar, Sénégal",https://images.coinafrique.com/thumb_4670652_uploaded_image1_1712025834.jpg,https://sn.coinafrique.com/annonce/chiens/chiot-berger-allemand-4670652
237,Chiot Malinois,250000.0,"Rufisque, Sénégal",https://images.coinafrique.com/thumb_4667946_uploaded_image1_1711887848.jpg,https://sn.coinafrique.com/annonce/chiens/chiot-malinois-4667946
240,Chiot Berger Allemand,250000.0,"Dakar, Sénégal",https://images.coinafrique.com/thumb_4660990_uploaded_image1_1711470133.jpg,https://sn.coinafrique.com/annonce/chiens/chiot-berger-allemand-4660990
241,Chiot Berger Allemand,160000.0,"Dakar, Sénégal",https://images.coinafrique.com/thumb_4659440_uploaded_image1_1711400521.jpg,https://sn.coinafrique.com/annonce/chiens/chiot-berger-allemand-4659440
242,Chien Berger allemand,175000.0,"Dakar, Sénégal",https://images.coinafrique.com/thumb_4657472_uploaded_image1_1711294709.jpg,https://sn.coinafrique.com/annonce/chiens/chien-berger-allemand-4657472
244,Chiots Golden Retriever,650000.0,"Dakar Plateau, Dakar, Sénégal",https://images.coinafrique.com/thumb_4652247_uploaded_image1_1710993916.jpg,https://sn.coinafrique.com/annonce/chiens/chiots-golden-retriever-4652247
245,Chiot Berger Allemand mâle,180000.0,"Dakar, Sénégal",https://images.coinafrique.com/thumb_4636694_uploaded_image1_1710171190.jpg,https://sn.coinafrique.com/annonce/chiens/chiot-berger-allemand-male-4636694
246,Caniche,200000.0,"Dakar, Sénégal",https://images.coinafrique.com/thumb_4634226_uploaded_image1_1710001956.jpg,https://sn.coinafrique.com/annonce/chiens/caniche-4634226
247,Chien Berger Femelle adulte,500000.0,"Dakar, Sénégal",https://images.coinafrique.com/thumb_4630010_uploaded_image1_1709800534.jpg,https://sn.coinafrique.com/annonce/chiens/chien-berger-femelle-adulte-4630010
248,Chiot Malinois,300000.0,"Dakar, Sénégal",https://images.coinafrique.com/thumb_4618143_uploaded_image1_1709220344.jpg,https://sn.coinafrique.com/annonce/chiens/chiot-malinois-4618143
249,Bichon,150000.0,"Mariste, Dakar, Sénégal",https://images.coinafrique.com/thumb_4611544_uploaded_image1_1708894607.jpg,https://sn.coinafrique.com/annonce/chiens/bichon-4611544
251,Chien Boerboel,275000.0,"Diamniadio, Sénégal",https://images.coinafrique.com/thumb_4607340_uploaded_image1_1708639477.jpg,https://sn.coinafrique.com/annonce/chiens/chien-boerboel-4607340
254,Chiot Bichon,100000.0,"Thies, Sénégal",https://images.coinafrique.com/thumb_4595120_uploaded_image1_1708002349.jpg,https://sn.coinafrique.com/annonce/chiens/chiot-bichon-4595120
255,Bichon maltais femelle,130000.0,"Almadies 2, Dakar, Sénégal",https://images.coinafrique.com/thumb_4583262_uploaded_image1_1707324718.jpg,https://sn.coinafrique.com/annonce/chiens/bichon-maltais-femelle-4583262
256,Chien Boerboel,250.0,"Dakar, Sénégal",https://images.coinafrique.com/thumb_4580660_uploaded_image1_1707214130.jpg,https://sn.coinafrique.com/annonce/chiens/chien-boerboel-4580660
258,Chiot Berger Allemand,150000.0,"Almadies 2, Dakar, Sénégal",https://images.coinafrique.com/thumb_4578293_uploaded_image1_1707081785.jpg,https://sn.coinafrique.com/annonce/chiens/chiot-berger-allemand-4578293
259,Chiot Rottweiler,250000.0,"Almadies 2, Dakar, Sénégal",https://images.coinafrique.com/thumb_4578118_uploaded_image1_1707073637.jpg,https://sn.coinafrique.com/annonce/chiens/chiot-rottweiler-4578118
260,Chiots Berger Allemand,175000.0,"Dakar, Sénégal",https://images.coinafrique.com/thumb_4578066_uploaded_image1_1707070773.jpg,https://sn.coinafrique.com/annonce/chiens/chiots-berger-allemand-4578066
261,Chiens Malinois charbonner,250000.0,"Rufisque, Sénégal",https://images.coinafrique.com/thumb_4560526_uploaded_image1_1706096544.jpg,https://sn.coinafrique.com/annonce/chiens/chiens-malinois-charbonner-4560526
264,Chiots mâle,195000.0,"Point E, Dakar, Sénégal",https://images.coinafrique.com/thumb_4556192_uploaded_image1_1705853341.jpg,https://sn.coinafrique.com/annonce/chiens/chiots-male-4556192
265,Chiot Malinois,350000.0,"Dakar, Sénégal",https://images.coinafrique.com/thumb_4549443_uploaded_image1_1705486947.jpg,https://sn.coinafrique.com/annonce/chiens/chiot-malinois-4549443
266,Chiot femelle Malinois et Red Nose,250000.0,"Dakar, Sénégal",https://images.coinafrique.com/thumb_4548513_uploaded_image1_1705430390.jpg,https://sn.coinafrique.com/annonce/chiens/chiot-femelle-malinois-et-red-nose-4548513
267,Rottweiler femelle 2 mois,275000.0,"Dakar, Sénégal",https://images.coinafrique.com/thumb_4543266_uploaded_image1_1705144667.jpg,https://sn.coinafrique.com/annonce/chiens/rottweiler-femelle-2-mois-4543266
268,Chiot Rott,300000.0,"Thies, Sénégal",https://images.coinafrique.com/thumb_4532830_uploaded_image1_1704659788.jpg,https://sn.coinafrique.com/annonce/chiens/chiot-rott-4532830
269,Chiot Berger Malinois,250000.0,"Thies, Sénégal",https://images.coinafrique.com/thumb_4532826_uploaded_image1_1704659683.jpg,https://sn.coinafrique.com/annonce/chiens/chiot-berger-malinois-4532826
270,Chiot Berger Allemand,150000.0,"Thies, Sénégal",https://images.coinafrique.com/thumb_4532817_uploaded_image1_1704659367.jpg,https://sn.coinafrique.com/annonce/chiens/chiot-berger-allemand-4532817
271,Chiot Berger allemand,150000.0,"Dakar, Sénégal",https://images.coinafrique.com/thumb_4532063_uploaded_image1_1704626532.jpg,https://sn.coinafrique.com/annonce/chiens/chiot-berger-allemand-4532063
272,Chiots Bergers Allemands,125000.0,"Saly, Sénégal",https://images.coinafrique.com/thumb_4530727_uploaded_image1_1704546741.jpg,https://sn.coinafrique.com/annonce/chiens/chiots-bergers-allemands-4530727
273,Chiot Berger Allemand,700000.0,"Thies, Sénégal",https://images.coinafrique.com/thumb_4513587_uploaded_image1_1703525523.jpg,https://sn.coinafrique.com/annonce/chiens/chiot-berger-allemand-4513587
274,Chiotte Berger Allemand,230000.0,"Thies, Sénégal",https://images.coinafrique.com/thumb_4513582_uploaded_image1_1703525135.jpg,https://sn.coinafrique.com/annonce/chiens/chiotte-berger-allemand-4513582
275,Chiens  Malinois charbonnés,700000.0,"Thies, Sénégal",https://images.coinafrique.com/thumb_4513573_uploaded_image1_1703524791.jpg,https://sn.coinafrique.com/annonce/chiens/chiens-malinois-charbonnes-4513573
276,Chiot Boerbool,550000.0,"Thies, Sénégal",https://images.coinafrique.com/thumb_4513571_uploaded_image1_1703524590.jpg,https://sn.coinafrique.com/annonce/chiens/chiot-boerbool-4513571
278,Bichon Maltais,120000.0,"Sicap Liberté, Dakar, Sénégal",https://images.coinafrique.com/thumb_4497142_uploaded_image1_1702422599.jpg,https://sn.coinafrique.com/annonce/chiens/bichon-maltais-4497142
279,Bichon Maltais,150000.0,"Sicap Liberté, Dakar, Sénégal",https://images.coinafrique.com/thumb_4497133_uploaded_image1_1702422179.jpg,https://sn.coinafrique.com/annonce/chiens/bichon-maltais-4497133
280,Chiots Bichon Maltais,150000.0,"Lac rose, Sénégal",https://images.coinafrique.com/thumb_4491233_uploaded_image1_1702048768.jpg,https://sn.coinafrique.com/annonce/chiens/chiots-bichon-maltais-4491233
281,Chiot Malinois,275.0,"Dakar, Sénégal",https://images.coinafrique.com/thumb_4482375_uploaded_image1_1701548723.jpg,https://sn.coinafrique.com/annonce/chiens/chiot-malinois-4482375
282,Chiot Rottweiler,350000.0,"Dakar, Sénégal",https://images.coinafrique.com/thumb_4482373_uploaded_image1_1701548572.jpg,https://sn.coinafrique.com/annonce/chiens/chiot-rottweiler-4482373
284,Chiot Malinois,250000.0,"Dakar, Sénégal",https://images.coinafrique.com/thumb_4463659_uploaded_image1_1700349992.jpg,https://sn.coinafrique.com/annonce/chiens/chiot-malinois-4463659
285,Chiot Caniche,150000.0,"Fass, Dakar, Sénégal",https://images.coinafrique.com/thumb_4456414_uploaded_image1_1699894532.jpg,https://sn.coinafrique.com/annonce/chiens/chiot-caniche-4456414
286,Femelles Bichon Maltais,170000.0,"Sicap Liberté, Dakar, Sénégal",https://images.coinafrique.com/thumb_4436255_uploaded_image1_1698705740.jpg,https://sn.coinafrique.com/annonce/chiens/femelles-bichon-maltais-4436255
287,Chien Berger Allemand,200000.0,"Dakar, Sénégal",https://images.coinafrique.com/thumb_4413898_uploaded_image1_1697111822.jpg,https://sn.coinafrique.com/annonce/chiens/chien-berger-allemand-4413898
288,Chien Berger Allemand,300000.0,"Dakar, Sénégal",https://images.coinafrique.com/thumb_4413893_uploaded_image1_1697111712.jpg,https://sn.coinafrique.com/annonce/chiens/chien-berger-allemand-4413893
289,Chien,300000.0,"Dakar, Sénégal",https://images.coinafrique.com/thumb_4413890_uploaded_image1_1697111604.jpg,https://sn.coinafrique.com/annonce/chiens/chien-4413890
292,Chiot Bichon,180000.0,"Grand Yoff, Dakar, Sénégal",https://images.coinafrique.com/thumb_4405915_uploaded_image1_1696611971.jpg,https://sn.coinafrique.com/annonce/chiens/chiot-bichon-4405915
293,Chiots Bichon Maltais,150000.0,"Dakar, Sénégal",https://images.coinafrique.com/thumb_4405536_uploaded_image1_1696594762.jpg,https://sn.coinafrique.com/annonce/chiens/chiots-bichon-maltais-4405536
294,Chiot Caniche,120000.0,"Grand Yoff, Dakar, Sénégal",https://images.coinafrique.com/thumb_4404913_uploaded_image1_1696555140.jpg,https://sn.coinafrique.com/annonce/chiens/chiot-caniche-4404913
295,Chien Malinois,130000.0,"Mamelles, Dakar, Sénégal",https://images.coinafrique.com/thumb_4399201_uploaded_image1_1696256233.jpg,https://sn.coinafrique.com/annonce/chiens/chien-malinois-4399201
296,Chiot Berger allemand,300000.0,"Thies, Sénégal",https://images.coinafrique.com/thumb_4396584_uploaded_image1_1696077607.jpg,https://sn.coinafrique.com/annonce/chiens/chiot-berger-allemand-4396584
297,Chiot Bichon Maltais,180000.0,"Sicap Liberté, Dakar, Sénégal",https://images.coinafrique.com/thumb_4396239_uploaded_image1_1696044813.jpg,https://sn.coinafrique.com/annonce/chiens/chiot-bichon-maltais-4396239
298,Chiot Bichon femelle,160000.0,"Dieuppeul-Derklé, Dakar, Sénégal",https://images.coinafrique.com/thumb_4391785_uploaded_image1_1695736409.jpg,https://sn.coinafrique.com/annonce/chiens/chiot-bichon-femelle-4391785
299,Chiots Husky,400000.0,"Mariste, Dakar, Sénégal",https://images.coinafrique.com/thumb_4390232_uploaded_image1_1695643427.jpg,https://sn.coinafrique.com/annonce/chiens/chiots-husky-4390232
300,Chiot Bichon,180000.0,"Sicap Liberté, Dakar, Sénégal",https://images.coinafrique.com/thumb_4380821_uploaded_image1_1694998874.jpg,https://sn.coinafrique.com/annonce/chiens/chiot-bichon-4380821
301,Chiots  Berger Malinois,170000.0,"Ngor, Dakar, Sénégal",https://images.coinafrique.com/thumb_4375184_uploaded_image1_1694613400.jpg,https://sn.coinafrique.com/annonce/chiens/chiots-berger-malinois-4375184
302,Chiots Berger Allemand,150000.0,"Grand Yoff, Dakar, Sénégal",https://images.coinafrique.com/thumb_4372068_uploaded_image1_1694433846.jpg,https://sn.coinafrique.com/annonce/chiens/chiots-berger-allemand-4372068
303,Chiot Berger Allemand,300000.0,"Keur Massar, Sénégal",https://images.coinafrique.com/thumb_4364394_uploaded_image1_1693936965.jpg,https://sn.coinafrique.com/annonce/chiens/chiot-berger-allemand-4364394
304,Chiot Labrador,600000.0,"Dakar Plateau, Dakar, Sénégal",https://images.coinafrique.com/thumb_4362528_uploaded_image1_1693831725.jpg,https://sn.coinafrique.com/annonce/chiens/chiot-labrador-4362528
305,Chiot Bichon,160000.0,"Dieuppeul-Derklé, Dakar, Sénégal",https://images.coinafrique.com/thumb_4359376_uploaded_image1_1693588268.jpg,https://sn.coinafrique.com/annonce/chiens/chiot-bichon-4359376
308,Chiots Bichons,150000.0,"Dieuppeul-Derklé, Dakar, Sénégal",https://images.coinafrique.com/thumb_4349193_uploaded_image1_1692908102.jpg,https://sn.coinafrique.com/annonce/chiens/chiots-bichons-4349193
309,Chiots Berger Malinois,140000.0,"Almadies, Dakar, Sénégal",https://images.coinafrique.com/thumb_4347191_uploaded_image1_1692800036.jpg,https://sn.coinafrique.com/annonce/chiens/chiots-berger-malinois-4347191
310,Chiot Malinois,225000.0,"Rufisque, Sénégal",https://images.coinafrique.com/thumb_4347159_uploaded_image1_1692798815.jpg,https://sn.coinafrique.com/annonce/chiens/chiot-malinois-4347159
311,Chiots,250000.0,"Dakar, Sénégal",https://images.coinafrique.com/thumb_4344699_uploaded_image1_1692644593.jpg,https://sn.coinafrique.com/annonce/chiens/chiots-4344699
315,Chiots Bichons,150.0,"Dieuppeul-Derklé, Dakar, Sénégal",https://images.coinafrique.com/thumb_4330247_uploaded_image1_1691686832.jpg,https://sn.coinafrique.com/annonce/chiens/chiots-bichons-4330247
318,Chiots  Malinois,225000.0,"Dakar, Sénégal",https://images.coinafrique.com/thumb_4318517_uploaded_image1_1690980921.jpg,https://sn.coinafrique.com/annonce/chiens/chiots-malinois-4318517
320,Chiots berger allemand,180000.0,"Dakar, Sénégal",https://images.coinafrique.com/thumb_4315045_uploaded_image1_1690773274.jpg,https://sn.coinafrique.com/annonce/chiens/chiots-berger-allemand-4315045
321,Chiots Bichons,150000.0,"Dieuppeul-Derklé, Dakar, Sénégal",https://images.coinafrique.com/thumb_4314748_uploaded_image1_1690747602.jpg,https://sn.coinafrique.com/annonce/chiens/chiots-bichons-4314748
322,Chiot Malinois,200000.0,"Dakar, Sénégal",https://images.coinafrique.com/thumb_4312162_uploaded_image1_1690550986.jpg,https://sn.coinafrique.com/annonce/chiens/chiot-malinois-4312162
323,Chiot  Bichon nain,200000.0,"Almadies, Dakar, Sénégal",https://images.coinafrique.com/thumb_4311860_uploaded_image1_1690537675.jpg,https://sn.coinafrique.com/annonce/chiens/chiot-bichon-nain-4311860
324,Chiot Bichon,150000.0,"Dieuppeul-Derklé, Dakar, Sénégal",https://images.coinafrique.com/thumb_4307889_uploaded_image1_1690298114.jpg,https://sn.coinafrique.com/annonce/chiens/chiot-bichon-4307889
325,Chiot Cane Corso,400000.0,"Pikine, Sénégal",https://images.coinafrique.com/thumb_4300394_uploaded_image1_1689770783.jpg,https://sn.coinafrique.com/annonce/chiens/chiot-cane-corso-4300394
326,Chiot  Berger Allemand,200000.0,"Saint Louis, Sénégal",https://images.coinafrique.com/thumb_4296542_uploaded_image1_1689515237.jpg,https://sn.coinafrique.com/annonce/chiens/chiot-berger-allemand-4296542
327,Chiots Cane Corso,350000.0,"Almadies, Dakar, Sénégal",https://images.coinafrique.com/thumb_4295604_uploaded_image1_1689430034.jpg,https://sn.coinafrique.com/annonce/chiens/chiots-cane-corso-4295604
328,Chiots  Akita japonaise,850000.0,"Fann, Dakar, Sénégal",https://images.coinafrique.com/thumb_4294289_uploaded_image1_1689338730.jpg,https://sn.coinafrique.com/annonce/chiens/chiots-akita-japonaise-4294289
329,Chiens Malinois,250000.0,"Dakar, Sénégal",https://images.coinafrique.com/thumb_4290173_uploaded_image1_1689087809.jpg,https://sn.coinafrique.com/annonce/chiens/chiens-malinois-4290173
330,Chiots Labradors,650000.0,"Almadies, Dakar, Sénégal",https://images.coinafrique.com/thumb_4287921_uploaded_image1_1688944788.jpg,https://sn.coinafrique.com/annonce/chiens/chiots-labradors-4287921
331,Chiots Husky's,250000.0,"Cambérène, Dakar, Sénégal",https://images.coinafrique.com/thumb_4284697_uploaded_image1_1688724399.jpg,https://sn.coinafrique.com/annonce/chiens/chiots-huskys-4284697
332,Chiots Cane Corso,350000.0,"Almadies, Dakar, Sénégal",https://images.coinafrique.com/thumb_4283254_uploaded_image1_1688639363.jpg,https://sn.coinafrique.com/annonce/chiens/chiots-cane-corso-4283254
333,Chiot croisé Husky / Berger Allemand,180000.0,"Parcelle Assainies, Dakar, Sénégal",https://images.coinafrique.com/thumb_4280738_uploaded_image2_1688487016.jpeg,https://sn.coinafrique.com/annonce/chiens/chiot-croise-husky-berger-allemand-4280738
334,Chiots Bichons,150000.0,"Dieuppeul-Derklé, Dakar, Sénégal",https://images.coinafrique.com/thumb_4277694_uploaded_image1_1688305486.jpg,https://sn.coinafrique.com/annonce/chiens/chiots-bichons-4277694
335,Chiots Berger Allemand,260000.0,"Dakar, Sénégal",https://images.coinafrique.com/thumb_4277563_uploaded_image1_1688297196.jpg,https://sn.coinafrique.com/annonce/chiens/chiots-berger-allemand-4277563
336,Chiot Bichon,150000.0,"Dieuppeul-Derklé, Dakar, Sénégal",https://images.coinafrique.com/thumb_4268527_uploaded_image1_1687554867.jpg,https://sn.coinafrique.com/annonce/chiens/chiot-bichon-4268527
337,Chiots Berger Allemand,150000.0,"Dakar, Sénégal",https://images.coinafrique.com/thumb_4268216_uploaded_image1_1687536535.jpg,https://sn.coinafrique.com/annonce/chiens/chiots-berger-allemand-4268216
338,Chien Berger Allemand,250000.0,"Dakar, Sénégal",https://images.coinafrique.com/thumb_4266819_uploaded_image1_1687451460.jpg,https://sn.coinafrique.com/annonce/chiens/chien-berger-allemand-4266819
339,Chien berger Allemand,250000.0,"Mamelles, Dakar, Sénégal",https://images.coinafrique.com/thumb_4263673_uploaded_image1_1687280336.jpg,https://sn.coinafrique.com/annonce/chiens/chien-berger-allemand-4263673
342,Chiot  Malinois,250000.0,"Dakar, Sénégal",https://images.coinafrique.com/thumb_4255782_uploaded_image3_1686731484.jpeg,https://sn.coinafrique.com/annonce/chiens/chiot-malinois-4255782
343,Chiots  Bergers australien,650000.0,"Saly, Sénégal",https://images.coinafrique.com/thumb_4242936_uploaded_image1_1685941455.jpg,https://sn.coinafrique.com/annonce/chiens/chiots-bergers-australien-4242936
344,Chien  Rottweiler,350000.0,"Dakar, Sénégal",https://images.coinafrique.com/thumb_4242529_uploaded_image1_1685899419.jpg,https://sn.coinafrique.com/annonce/chiens/chien-rottweiler-4242529
346,Chiots malinois,220000.0,"Keur Massar, Sénégal",https://images.coinafrique.com/thumb_4235508_uploaded_image1_1685447149.jpg,https://sn.coinafrique.com/annonce/chiens/chiots-malinois-4235508
347,Chien,150000.0,"Thies, Sénégal",https://images.coinafrique.com/thumb_4227862_uploaded_image1_1684881837.jpg,https://sn.coinafrique.com/annonce/chiens/chien-4227862
348,Chiots Pitbull,100000.0,"Ouest Foire, Dakar, Sénégal",https://images.coinafrique.com/thumb_4226576_uploaded_image1_1684815976.jpg,https://sn.coinafrique.com/annonce/chiens/chiots-pitbull-4226576
349,Chien Berger allemand,350000.0,"Dakar, Sénégal",https://images.coinafrique.com/thumb_4221634_uploaded_image1_1684441608.jpg,https://sn.coinafrique.com/annonce/chiens/chien-berger-allemand-4221634
350,Chiot Bichon Maltais,190000.0,"Cambérène, Dakar, Sénégal",https://images.coinafrique.com/thumb_4220294_uploaded_image1_1684360783.jpg,https://sn.coinafrique.com/annonce/chiens/chiot-bichon-maltais-4220294
351,Chiots Berger Allemand,125000.0,"Almadies, Dakar, Sénégal",https://images.coinafrique.com/thumb_4220216_uploaded_image1_1684354056.jpg,https://sn.coinafrique.com/annonce/chiens/chiots-berger-allemand-4220216
352,Chiots Pitbulls,190000.0,"Ouakam, Dakar, Sénégal",https://images.coinafrique.com/thumb_4219520_uploaded_image2_1684323670.jpeg,https://sn.coinafrique.com/annonce/chiens/chiots-pitbulls-4219520
353,Chiots Pitbull,130000.0,"Ouest Foire, Dakar, Sénégal",https://images.coinafrique.com/thumb_4219240_uploaded_image1_1684312262.jpg,https://sn.coinafrique.com/annonce/chiens/chiots-pitbull-4219240
354,Chien,150000.0,"Dakar, Sénégal",https://images.coinafrique.com/thumb_4216138_uploaded_image1_1684103109.jpg,https://sn.coinafrique.com/annonce/chiens/chien-4216138
355,Chiots berger allemand,175000.0,"Thies, Sénégal",https://images.coinafrique.com/thumb_4209184_uploaded_image1_1683653649.jpg,https://sn.coinafrique.com/annonce/chiens/chiots-berger-allemand-4209184
356,Chiots Berger Belge,250000.0,"Dakar Plateau, Dakar, Sénégal",https://images.coinafrique.com/thumb_4206429_uploaded_image1_1683473426.jpg,https://sn.coinafrique.com/annonce/chiens/chiots-berger-belge-4206429
357,Chiots Berger Allemand,150000.0,"Dakar Plateau, Dakar, Sénégal",https://images.coinafrique.com/thumb_4206427_uploaded_image1_1683473206.jpg,https://sn.coinafrique.com/annonce/chiens/chiots-berger-allemand-4206427
358,Chiots Caniches,150000.0,"Dakar Plateau, Dakar, Sénégal",https://images.coinafrique.com/thumb_4206419_uploaded_image1_1683473050.jpg,https://sn.coinafrique.com/annonce/chiens/chiots-caniches-4206419
359,Chiot  Allemand,600000.0,"Dakar, Sénégal",https://images.coinafrique.com/thumb_4204043_uploaded_image1_1683299075.jpg,https://sn.coinafrique.com/annonce/chiens/chiot-allemand-4204043
361,Chiots Berger Allemand,150000.0,"Dakar, Sénégal",https://images.coinafrique.com/thumb_4203328_uploaded_image1_1683276531.jpg,https://sn.coinafrique.com/annonce/chiens/chiots-berger-allemand-4203328
362,Chien,300000.0,"Dakar, Sénégal",https://images.coinafrique.com/thumb_4198141_uploaded_image1_1683020218.jpg,https://sn.coinafrique.com/annonce/chiens/chien-4198141
363,Chienne malinois,300000.0,"Dakar, Sénégal",https://images.coinafrique.com/thumb_4192516_uploaded_image1_1682602073.jpg,https://sn.coinafrique.com/annonce/chiens/chienne-malinois-4192516
364,Chienne malinoise,250000.0,"Dakar, Sénégal",https://images.coinafrique.com/thumb_4191047_uploaded_image1_1682510654.jpg,https://sn.coinafrique.com/annonce/chiens/chienne-malinoise-4191047
365,Chiens,150000.0,"Lac rose, Sénégal",https://images.coinafrique.com/thumb_4190505_uploaded_image1_1682468019.jpg,https://sn.coinafrique.com/annonce/chiens/chiens-4190505
366,Chiot berger malinois,130000.0,"Mariste, Dakar, Sénégal",https://images.coinafrique.com/thumb_4189681_uploaded_image1_1682428415.jpg,https://sn.coinafrique.com/annonce/chiens/chiot-berger-malinois-4189681
369,Chiot Malinois,200000.0,"Rufisque, Sénégal",https://images.coinafrique.com/thumb_4186165_uploaded_image1_1682151351.jpg,https://sn.coinafrique.com/annonce/chiens/chiot-malinois-4186165
370,Chiot pitbull,100000.0,"Guediawaye, Dakar, Sénégal",https://images.coinafrique.com/thumb_4180447_uploaded_image1_1681745968.jpg,https://sn.coinafrique.com/annonce/chiens/chiot-pitbull-4180447
371,Chiot Bichon Maltais,100000.0,"Sicap Liberté, Dakar, Sénégal",https://images.coinafrique.com/thumb_4178317_uploaded_image1_1681583921.jpg,https://sn.coinafrique.com/annonce/chiens/chiot-bichon-maltais-4178317
372,Chiots bergers allemands,200000.0,"Saly, Sénégal",https://images.coinafrique.com/thumb_4176841_uploaded_image1_1681482623.jpg,https://sn.coinafrique.com/annonce/chiens/chiots-bergers-allemands-4176841
373,Chiot,150000.0,"Dakar Plateau, Dakar, Sénégal",https://images.coinafrique.com/thumb_4174428_uploaded_image1_1681336910.jpg,https://sn.coinafrique.com/annonce/chiens/chiot-4174428
374,Chiens berger allemand,200000.0,"Keur Massar, Sénégal",https://images.coinafrique.com/thumb_4172538_uploaded_image1_1681227060.jpg,https://sn.coinafrique.com/annonce/chiens/chiens-berger-allemand-4172538
376,Chiot  Caniche,300000.0,"Ngor, Dakar, Sénégal",https://images.coinafrique.com/thumb_4169389_uploaded_image1_1681006575.jpg,https://sn.coinafrique.com/annonce/chiens/chiot-caniche-4169389
377,Chiots labrador,400000.0,"Rufisque, Sénégal",https://images.coinafrique.com/thumb_4167214_uploaded_image1_1680870219.jpg,https://sn.coinafrique.com/annonce/chiens/chiots-labrador-4167214
378,Chiot Bichon,150.0,"Dakar, Sénégal",https://images.coinafrique.com/thumb_4165184_uploaded_image1_1680766831.jpg,https://sn.coinafrique.com/annonce/chiens/chiot-bichon-4165184
379,Chiots  Malinois,200000.0,"Dakar, Sénégal",https://images.coinafrique.com/thumb_4162884_uploaded_image1_1680632930.jpg,https://sn.coinafrique.com/annonce/chiens/chiots-malinois-4162884
380,Chiots  Malinois,350000.0,"Dakar Plateau, Dakar, Sénégal",https://images.coinafrique.com/thumb_4159449_uploaded_image1_1680456128.jpg,https://sn.coinafrique.com/annonce/chiens/chiots-malinois-4159449
381,Chiots Malinois,150000.0,"Rufisque, Sénégal",https://images.coinafrique.com/thumb_4158059_uploaded_image1_1680361437.jpg,https://sn.coinafrique.com/annonce/chiens/chiots-malinois-4158059
382,Chiots,120000.0,"Dakar, Sénégal",https://images.coinafrique.com/thumb_4149988_uploaded_image1_1679859740.jpg,https://sn.coinafrique.com/annonce/chiens/chiots-4149988
383,Chiot Bichon,150000.0,"Dakar, Sénégal",https://images.coinafrique.com/thumb_4149942_uploaded_image1_1679856856.jpg,https://sn.coinafrique.com/annonce/chiens/chiot-bichon-4149942
384,Chien Jack russell,175000.0,"Mariste, Dakar, Sénégal",https://images.coinafrique.com/thumb_4142083_uploaded_image1_1679347655.jpg,https://sn.coinafrique.com/annonce/chiens/chien-jack-russell-4142083
385,Chiot Labrador,750000.0,"Dakar, Sénégal",https://images.coinafrique.com/thumb_4141864_uploaded_image1_1679336408.jpg,https://sn.coinafrique.com/annonce/chiens/chiot-labrador-4141864
386,Chiot Berger Allemand,125000.0,"Diamniadio, Sénégal",https://images.coinafrique.com/thumb_4141061_uploaded_image1_1679304713.jpg,https://sn.coinafrique.com/annonce/chiens/chiot-berger-allemand-4141061
387,Chiot Bichon,70000.0,"Dieuppeul-Derklé, Dakar, Sénégal",https://images.coinafrique.com/thumb_4137626_uploaded_image2_1679009249.jpeg,https://sn.coinafrique.com/annonce/chiens/chiot-bichon-4137626
388,Chiots berger allemand,150000.0,"Diamniadio, Sénégal",https://images.coinafrique.com/thumb_4135756_uploaded_image1_1678898624.jpg,https://sn.coinafrique.com/annonce/chiens/chiots-berger-allemand-4135756
389,Chiot Mal Bichon,250.0,"Dakar, Sénégal",https://images.coinafrique.com/thumb_4134271_uploaded_image1_1678817547.jpg,https://sn.coinafrique.com/annonce/chiens/chiot-mal-bichon-4134271
390,Chiots Berger Allemand,100000.0,"Keur Massar, Sénégal",https://images.coinafrique.com/thumb_4131053_uploaded_image1_1678627815.jpg,https://sn.coinafrique.com/annonce/chiens/chiots-berger-allemand-4131053
391,Chiot  berger,150000.0,"Dakar, Sénégal",https://images.coinafrique.com/thumb_4130159_uploaded_image1_1678548295.jpg,https://sn.coinafrique.com/annonce/chiens/chiot-berger-4130159
392,Chiots malinois,280000.0,"Dakar, Sénégal",https://images.coinafrique.com/thumb_4126440_uploaded_image1_1678350608.jpg,https://sn.coinafrique.com/annonce/chiens/chiots-malinois-4126440
393,Chienne Golden Retriever,700000.0,"Almadies, Dakar, Sénégal",https://images.coinafrique.com/thumb_4126336_uploaded_image1_1678330762.jpg,https://sn.coinafrique.com/annonce/chiens/chienne-golden-retriever-4126336
394,Chienne Labrador,650000.0,"Almadies, Dakar, Sénégal",https://images.coinafrique.com/thumb_4126334_uploaded_image1_1678330605.jpg,https://sn.coinafrique.com/annonce/chiens/chienne-labrador-4126334
395,Chiens Rottweiler,1350000.0,"Almadies, Dakar, Sénégal",https://images.coinafrique.com/thumb_4126333_uploaded_image1_1678330232.jpg,https://sn.coinafrique.com/annonce/chiens/chiens-rottweiler-4126333
398,Chien Bichon,150000.0,"Ouakam, Dakar, Sénégal",https://images.coinafrique.com/thumb_4124637_uploaded_image1_1678229133.jpg,https://sn.coinafrique.com/annonce/chiens/chien-bichon-4124637
399,Chien berger allemand,140000.0,"Dakar, Sénégal",https://images.coinafrique.com/thumb_4121621_uploaded_image1_1678058765.jpg,https://sn.coinafrique.com/annonce/chiens/chien-berger-allemand-4121621
400,Chiot bichon maltais,130000.0,"Grand Yoff, Dakar, Sénégal",https://images.coinafrique.com/thumb_4118672_uploaded_image1_1677860063.jpg,https://sn.coinafrique.com/annonce/chiens/chiot-bichon-maltais-4118672
401,Chiots malinois,280000.0,"Mermoz-Sacré Coeur, Dakar, Sénégal",https://images.coinafrique.com/thumb_4118286_uploaded_image1_1677846223.jpg,https://sn.coinafrique.com/annonce/chiens/chiots-malinois-4118286
402,Chiot Caniche bichon,150000.0,"Dakar, Sénégal",https://images.coinafrique.com/thumb_4117078_uploaded_image1_1677779647.jpg,https://sn.coinafrique.com/annonce/chiens/chiot-caniche-bichon-4117078
403,Chiot mâle bichon,100000.0,"Mbao, Dakar, Sénégal",https://images.coinafrique.com/thumb_4108812_uploaded_image1_1677276973.jpg,https://sn.coinafrique.com/annonce/chiens/chiot-male-bichon-4108812
405,Chiot berger malinois,700000.0,"Rufisque, Sénégal",https://images.coinafrique.com/thumb_4085335_uploaded_image1_1675814530.jpg,https://sn.coinafrique.com/annonce/chiens/chiot-berger-malinois-4085335
406,Chien berger allemand,300000.0,"Dakar, Sénégal",https://images.coinafrique.com/thumb_4080591_uploaded_image1_1675545771.jpg,https://sn.coinafrique.com/annonce/chiens/chien-berger-allemand-4080591
407,Chiots Pitbull,100000.0,"Dakar, Sénégal",https://images.coinafrique.com/thumb_4078372_uploaded_image1_1675431643.jpg,https://sn.coinafrique.com/annonce/chiens/chiots-pitbull-4078372
408,Chiots Bichons,130000.0,"Dieuppeul-Derklé, Dakar, Sénégal",https://images.coinafrique.com/thumb_4077248_uploaded_image1_1675372705.jpg,https://sn.coinafrique.com/annonce/chiens/chiots-bichons-4077248
409,Chiots Pitbull,100000.0,"Dakar, Sénégal",https://images.coinafrique.com/thumb_4070065_uploaded_image1_1675021877.jpg,https://sn.coinafrique.com/annonce/chiens/chiots-pitbull-4070065
411,Chiot Golden Retriever,650000.0,"Fann, Dakar, Sénégal",https://images.coinafrique.com/thumb_4059349_uploaded_image1_1674300377.jpg,https://sn.coinafrique.com/annonce/chiens/chiot-golden-retriever-4059349
412,Chiots bergers allemands,160000.0,"Keur Massar, Sénégal",https://images.coinafrique.com/thumb_4057130_uploaded_image1_1674154040.jpg,https://sn.coinafrique.com/annonce/chiens/chiots-bergers-allemands-4057130
414,Chiot Rottweiller,200000.0,"Dieuppeul-Derklé, Dakar, Sénégal",https://images.coinafrique.com/thumb_4051242_uploaded_image1_1673810971.jpg,https://sn.coinafrique.com/annonce/chiens/chiot-rottweiller-4051242
415,Chiot Bichon,200000.0,"Dakar, Sénégal",https://images.coinafrique.com/thumb_4048503_uploaded_image1_1673626971.jpg,https://sn.coinafrique.com/annonce/chiens/chiot-bichon-4048503
416,Chiots Bichons,130000.0,"Dieuppeul-Derklé, Dakar, Sénégal",https://images.coinafrique.com/thumb_4048333_uploaded_image1_1673621051.jpg,https://sn.coinafrique.com/annonce/chiens/chiots-bichons-4048333
417,Chiots berger allemand,180000.0,"Cambérène, Dakar, Sénégal",https://images.coinafrique.com/thumb_4047402_uploaded_image1_1673559774.jpg,https://sn.coinafrique.com/annonce/chiens/chiots-berger-allemand-4047402
418,Chiots Berger Allemand,130000.0,"Dakar, Sénégal",https://images.coinafrique.com/thumb_4044025_uploaded_image1_1673388499.jpg,https://sn.coinafrique.com/annonce/chiens/chiots-berger-allemand-4044025
419,Chiots Bichons,130000.0,"Dieuppeul-Derklé, Dakar, Sénégal",https://images.coinafrique.com/thumb_4041802_uploaded_image1_1673279754.jpg,https://sn.coinafrique.com/annonce/chiens/chiots-bichons-4041802
420,Chiots bichons,130000.0,"Dieuppeul-Derklé, Dakar, Sénégal",https://images.coinafrique.com/thumb_4041795_uploaded_image1_1673279581.jpg,https://sn.coinafrique.com/annonce/chiens/chiots-bichons-4041795
