title,price,location,image,url
Berger malinois charbonner,250,"Thies, Sénégal",https://static.coinafrique.com/static/images/profil.png,https://sn.coinafrique.com/annonce/chiens/berger-malinois-charbonner-5649558
Chiot Bichon Maltais,100000,"Almadies, Dakar, Sénégal",https://static.coinafrique.com/static/images/profil.png,https://sn.coinafrique.com/annonce/chiens/chiot-bichon-maltais-5644579
Chiots Labradors Retriever,300000,"Guediawaye, Dakar, Sénégal",https://static.coinafrique.com/static/images/profil.png,https://sn.coinafrique.com/annonce/chiens/chiots-labradors-retriever-5640905
Chiot Malinois,200000,"Dakar, Sénégal",https://static.coinafrique.com/static/images/profil.png,https://sn.coinafrique.com/annonce/chiens/chiot-malinois-5628892
Chiot Berger Malinois,150000,"Almadies 2, Dakar, Sénégal",https://static.coinafrique.com/static/images/profil.png,https://sn.coinafrique.com/annonce/chiens/chiot-berger-malinois-5628715
Chiot Husky,350000,"Sicap Liberté, Dakar, Sénégal",https://static.coinafrique.com/static/images/profil.png,https://sn.coinafrique.com/annonce/chiens/chiot-husky-5621149
Parfum Presa Canario,Prixsurdemande,"Thies, Sénégal",https://static.coinafrique.com/static/images/profil.png,https://sn.coinafrique.com/annonce/chiens/parfum-presa-canario-5617572
Chiot Malinois,125000,"Mbao, Dakar, Sénégal",https://static.coinafrique.com/static/images/profil.png,https://sn.coinafrique.com/annonce/chiens/chiot-malinois-5616738
Chiots Border Collie,140000,"Almadies, Dakar, Sénégal",https://static.coinafrique.com/static/images/profil.png,https://sn.coinafrique.com/annonce/chiens/chiots-border-collie-5616729
Berger Belge Malinois,Prixsurdemande,"Sicap Liberté, Dakar, Sénégal",https://static.coinafrique.com/static/images/profil.png,https://sn.coinafrique.com/annonce/chiens/berger-belge-malinois-5616008
Chiot,70000,"Dieuppeul-Derklé, Dakar, Sénégal",https://static.coinafrique.com/static/images/profil.png,https://sn.coinafrique.com/annonce/chiens/chiot-5613212
Chiot Pitbull Tricolor,120000,"Thies, Sénégal",https://static.coinafrique.com/static/images/profil.png,https://sn.coinafrique.com/annonce/chiens/chiot-pitbull-tricolor-5610458
Chiot Labrador,400000,"Sicap Liberté, Dakar, Sénégal",https://static.coinafrique.com/static/images/profil.png,https://sn.coinafrique.com/annonce/chiens/chiot-labrador-5603738
Chiot Bichon maltais,125000,"Mariste, Dakar, Sénégal",https://static.coinafrique.com/static/images/profil.png,https://sn.coinafrique.com/annonce/chiens/chiot-bichon-maltais-5601862
Chiot Pitbull,Prixsurdemande,"Hann Bel-Air, Dakar, Sénégal",https://static.coinafrique.com/static/images/profil.png,https://sn.coinafrique.com/annonce/chiens/chiot-pitbull-5599056
Chiot American,170,"Thies, Sénégal",https://static.coinafrique.com/static/images/profil.png,https://sn.coinafrique.com/annonce/chiens/chiot-american-5579814
Chiot Berger Allemand,250000,"Sacré-Coeur, Dakar, Sénégal",https://static.coinafrique.com/static/images/profil.png,https://sn.coinafrique.com/annonce/chiens/chiot-berger-allemand-5575546
Bichon Maltais frisé,150000,"Mermoz-Sacré Coeur, Dakar, Sénégal",https://static.coinafrique.com/static/images/profil.png,https://sn.coinafrique.com/annonce/chiens/bichon-maltais-frise-5572179
Chiot Presa Canario,650000,"Thies, Sénégal",https://static.coinafrique.com/static/images/profil.png,https://sn.coinafrique.com/annonce/chiens/chiot-presa-canario-5565180
Chiot Berger Allemand,300000,"Dakar, Sénégal",https://static.coinafrique.com/static/images/profil.png,https://sn.coinafrique.com/annonce/chiens/chiot-berger-allemand-5563010
Chiot Husky Sibérien vacciné,400000,"Sicap Liberté, Dakar, Sénégal",https://static.coinafrique.com/static/images/profil.png,https://sn.coinafrique.com/annonce/chiens/chiot-husky-siberien-vaccine-5560240
Chiots Berger Allemand,130000,"Diamniadio, Sénégal",https://static.coinafrique.com/static/images/profil.png,https://sn.coinafrique.com/annonce/chiens/chiots-berger-allemand-5560003
Chiot Labrador,450000,"Sicap Liberté, Dakar, Sénégal",https://static.coinafrique.com/static/images/profil.png,https://sn.coinafrique.com/annonce/chiens/chiot-labrador-5550994
Chiot Golden Retriever,Prixsurdemande,"Almadies 2, Dakar, Sénégal",https://static.coinafrique.com/static/images/profil.png,https://sn.coinafrique.com/annonce/chiens/chiot-golden-retriever-5540468
Croquettes pour chiens,28000,"Ouakam, Dakar, Sénégal",https://static.coinafrique.com/static/images/profil.png,https://sn.coinafrique.com/annonce/chiens/croquettes-pour-chiens-5537867
Chiot Bichon nain,200000,"Sicap Liberté, Dakar, Sénégal",https://static.coinafrique.com/static/images/profil.png,https://sn.coinafrique.com/annonce/chiens/chiot-bichon-nain-5530652
Husky pur sang femelle,250000,"Ouakam, Dakar, Sénégal",https://static.coinafrique.com/static/images/profil.png,https://sn.coinafrique.com/annonce/chiens/husky-pur-sang-femelle-5528570
Chiot pitbull,Prixsurdemande,"Thies, Sénégal",https://static.coinafrique.com/static/images/profil.png,https://sn.coinafrique.com/annonce/chiens/chiot-pitbull-5528346
Chiot pitbull,100000,"Thies, Sénégal",https://static.coinafrique.com/static/images/profil.png,https://sn.coinafrique.com/annonce/chiens/chiot-pitbull-5528337
Chiot Boerboel,375000,"Sicap Liberté, Dakar, Sénégal",https://static.coinafrique.com/static/images/profil.png,https://sn.coinafrique.com/annonce/chiens/chiot-boerboel-5524708
Chiot  Husky,350000,"Sacré-Coeur, Dakar, Sénégal",https://static.coinafrique.com/static/images/profil.png,https://sn.coinafrique.com/annonce/chiens/chiot-husky-5524610
Chiot Rottweiler,250000,"Pikine, Sénégal",https://static.coinafrique.com/static/images/profil.png,https://sn.coinafrique.com/annonce/chiens/chiot-rottweiler-5524392
Chiot Bichon,200000,"Sacré-Coeur, Dakar, Sénégal",https://static.coinafrique.com/static/images/profil.png,https://sn.coinafrique.com/annonce/chiens/chiot-bichon-5521237
Chiot,100000,"Thies, Sénégal",https://static.coinafrique.com/static/images/profil.png,https://sn.coinafrique.com/annonce/chiens/chiot-5516813
Chiot Pitbull,150,"Thies, Sénégal",https://static.coinafrique.com/static/images/profil.png,https://sn.coinafrique.com/annonce/chiens/chiot-pitbull-5512296
Chiot Berger allemand,350000,"Sacré-Coeur, Dakar, Sénégal",https://static.coinafrique.com/static/images/profil.png,https://sn.coinafrique.com/annonce/chiens/chiot-berger-allemand-5507784
Chiot Malinois,250,"Pikine, Sénégal",https://static.coinafrique.com/static/images/profil.png,https://sn.coinafrique.com/annonce/chiens/chiot-malinois-5506845
Chiots Bichons Havanais,130000,"Ouakam, Dakar, Sénégal",https://static.coinafrique.com/static/images/profil.png,https://sn.coinafrique.com/annonce/chiens/chiots-bichons-havanais-5498808
Chiots Berger Allemand,200000,"Almadies 2, Dakar, Sénégal",https://static.coinafrique.com/static/images/profil.png,https://sn.coinafrique.com/annonce/chiens/chiots-berger-allemand-5492262
Chiots Berger Allemand,Prixsurdemande,"Thies, Sénégal",https://static.coinafrique.com/static/images/profil.png,https://sn.coinafrique.com/annonce/chiens/chiots-berger-allemand-5491012
Chiot Berger allemand grand gabarit,350000,"Sacré-Coeur, Dakar, Sénégal",https://static.coinafrique.com/static/images/profil.png,https://sn.coinafrique.com/annonce/chiens/chiot-berger-allemand-grand-gabarit-5490358
Chiots Labradors,300000,"Guediawaye, Dakar, Sénégal",https://static.coinafrique.com/static/images/profil.png,https://sn.coinafrique.com/annonce/chiens/chiots-labradors-5489586
Chiots Labradors,300000,"Guediawaye, Dakar, Sénégal",https://static.coinafrique.com/static/images/profil.png,https://sn.coinafrique.com/annonce/chiens/chiots-labradors-5489540
Chien  bichons,450000,"Dakar Plateau, Dakar, Sénégal",https://static.coinafrique.com/static/images/profil.png,https://sn.coinafrique.com/annonce/chiens/chien-bichons-5489184
Chiots Berger Allemand,350000,"Sacré-Coeur, Dakar, Sénégal",https://static.coinafrique.com/static/images/profil.png,https://sn.coinafrique.com/annonce/chiens/chiots-berger-allemand-5487110
Chiot Rottweiler,400000,"Pikine, Sénégal",https://static.coinafrique.com/static/images/profil.png,https://sn.coinafrique.com/annonce/chiens/chiot-rottweiler-5486097
Bichon noir,130000,"Dakar, Sénégal",https://static.coinafrique.com/static/images/profil.png,https://sn.coinafrique.com/annonce/chiens/bichon-noir-5482763
Chiot Rottweiler,300000,"Pikine, Sénégal",https://static.coinafrique.com/static/images/profil.png,https://sn.coinafrique.com/annonce/chiens/chiot-rottweiler-5480457
Chiot Bichon,200000,"Sacré-Coeur, Dakar, Sénégal",https://static.coinafrique.com/static/images/profil.png,https://sn.coinafrique.com/annonce/chiens/chiot-bichon-5474603
bichons mâle,150000,"Dakar, Sénégal",https://static.coinafrique.com/static/images/profil.png,https://sn.coinafrique.com/annonce/chiens/bichons-male-5431028
Chiot Malinois,150000,"Sipres, Dakar, Sénégal",https://static.coinafrique.com/static/images/profil.png,https://sn.coinafrique.com/annonce/chiens/chiot-malinois-5468013
Chiot Berger allemand,250000,"Sacré-Coeur, Dakar, Sénégal",https://static.coinafrique.com/static/images/profil.png,https://sn.coinafrique.com/annonce/chiens/chiot-berger-allemand-5467125
Chiots Berger Allemand,150000,"Saint Louis, Sénégal",https://static.coinafrique.com/static/images/profil.png,https://sn.coinafrique.com/annonce/chiens/chiots-berger-allemand-5466408
Chat siamois,100000,"Almadies, Dakar, Sénégal",https://static.coinafrique.com/static/images/profil.png,https://sn.coinafrique.com/annonce/chiens/chat-siamois-5465444
Chiot Hamster syrien,5000,"Almadies, Dakar, Sénégal",https://static.coinafrique.com/static/images/profil.png,https://sn.coinafrique.com/annonce/chiens/chiot-hamster-syrien-5465432
Chiots Spizt,Prixsurdemande,"Almadies 2, Dakar, Sénégal",https://static.coinafrique.com/static/images/profil.png,https://sn.coinafrique.com/annonce/chiens/chiots-spizt-5464950
Chiots Berger,150000,"Thies, Sénégal",https://static.coinafrique.com/static/images/profil.png,https://sn.coinafrique.com/annonce/chiens/chiots-berger-5463591
Chiots Berger allemend,150000,"Thies, Sénégal",https://static.coinafrique.com/static/images/profil.png,https://sn.coinafrique.com/annonce/chiens/chiots-berger-allemend-5463584
Chiots Berger allemend,150000,"Thies, Sénégal",https://static.coinafrique.com/static/images/profil.png,https://sn.coinafrique.com/annonce/chiens/chiots-berger-allemend-5463567
Chiot Malinois,300000,"Mbao, Dakar, Sénégal",https://static.coinafrique.com/static/images/profil.png,https://sn.coinafrique.com/annonce/chiens/chiot-malinois-5462776
Chiot Husky,350000,"Pikine, Sénégal",https://static.coinafrique.com/static/images/profil.png,https://sn.coinafrique.com/annonce/chiens/chiot-husky-5456601
Chiots malinois de parents importés de bordeaux france,250000,"Thies, Sénégal",https://static.coinafrique.com/static/images/profil.png,https://sn.coinafrique.com/annonce/chiens/chiots-malinois-de-parents-importes-de-bordeaux-france-5455656
Chiot Rottweiler,290000,"Pikine, Sénégal",https://static.coinafrique.com/static/images/profil.png,https://sn.coinafrique.com/annonce/chiens/chiot-rottweiler-5453153
Chiot Berger Allemand,120000,"Lac rose, Sénégal",https://static.coinafrique.com/static/images/profil.png,https://sn.coinafrique.com/annonce/chiens/chiot-berger-allemand-5443216
Chiot Berger allemand,150000,"Pikine, Sénégal",https://static.coinafrique.com/static/images/profil.png,https://sn.coinafrique.com/annonce/chiens/chiot-berger-allemand-5439144
Chiot Bichon maltes,180000,"HLM, Dakar, Sénégal",https://static.coinafrique.com/static/images/profil.png,https://sn.coinafrique.com/annonce/chiens/chiot-bichon-maltes-5435956
Chiots Berger allemand,180000,"Keur Massar, Sénégal",https://static.coinafrique.com/static/images/profil.png,https://sn.coinafrique.com/annonce/chiens/chiots-berger-allemand-5429666
Chiot Berger Allemand,150000,"HLM, Dakar, Sénégal",https://static.coinafrique.com/static/images/profil.png,https://sn.coinafrique.com/annonce/chiens/chiot-berger-allemand-5387119
Bichon maltaise,150000,"HLM, Dakar, Sénégal",https://static.coinafrique.com/static/images/profil.png,https://sn.coinafrique.com/annonce/chiens/bichon-maltaise-5386842
Chien Boerboell,650000,"HLM, Dakar, Sénégal",https://static.coinafrique.com/static/images/profil.png,https://sn.coinafrique.com/annonce/chiens/chien-boerboell-5386827
Chiot Berger allemand,170,"Pikine, Sénégal",https://static.coinafrique.com/static/images/profil.png,https://sn.coinafrique.com/annonce/chiens/chiot-berger-allemand-5425744
Chiots Cane Corso,400000,"Sicap Liberté, Dakar, Sénégal",https://static.coinafrique.com/static/images/profil.png,https://sn.coinafrique.com/annonce/chiens/chiots-cane-corso-5400421
Chiot Husky,300000,"Ouakam, Dakar, Sénégal",https://static.coinafrique.com/static/images/profil.png,https://sn.coinafrique.com/annonce/chiens/chiot-husky-5397542
Chiot Husky,Prixsurdemande,"Pikine, Sénégal",https://static.coinafrique.com/static/images/profil.png,https://sn.coinafrique.com/annonce/chiens/chiot-husky-5397530
Berger Malinois Métis,200000,"Sacré-Coeur, Dakar, Sénégal",https://static.coinafrique.com/static/images/profil.png,https://sn.coinafrique.com/annonce/chiens/berger-malinois-metis-5389289
Chiot Husky male,350000,"Sacré-Coeur, Dakar, Sénégal",https://static.coinafrique.com/static/images/profil.png,https://sn.coinafrique.com/annonce/chiens/chiot-husky-male-5385417
Chiot Berger malinois,300000,"Rufisque, Sénégal",https://static.coinafrique.com/static/images/profil.png,https://sn.coinafrique.com/annonce/chiens/chiot-berger-malinois-5384862
Chiots Bichons Maltais,150000,"Sicap Liberté, Dakar, Sénégal",https://static.coinafrique.com/static/images/profil.png,https://sn.coinafrique.com/annonce/chiens/chiots-bichons-maltais-5383547
Chiot Berger Allemand,Prixsurdemande,"Dakar, Sénégal",https://static.coinafrique.com/static/images/profil.png,https://sn.coinafrique.com/annonce/chiens/chiot-berger-allemand-5379393
Chiot Berger Allemand,160000,"Dakar, Sénégal",https://static.coinafrique.com/static/images/profil.png,https://sn.coinafrique.com/annonce/chiens/chiot-berger-allemand-5379204
Chiots Bichons maltais,150000,"Dakar, Sénégal",https://static.coinafrique.com/static/images/profil.png,https://sn.coinafrique.com/annonce/chiens/chiots-bichons-maltais-5377145
Chiot Berger allemand,150000,"Pikine, Sénégal",https://static.coinafrique.com/static/images/profil.png,https://sn.coinafrique.com/annonce/chiens/chiot-berger-allemand-5376933
Chiots malamute pure,Prixsurdemande,"Almadies 2, Dakar, Sénégal",https://static.coinafrique.com/static/images/profil.png,https://sn.coinafrique.com/annonce/chiens/chiots-malamute-pure-5368072
Métisse rock berger,75000,"Mamelles, Dakar, Sénégal",https://static.coinafrique.com/static/images/profil.png,https://sn.coinafrique.com/annonce/chiens/metisse-rock-berger-5360685
Husky et Rotweiller,300000,"Sacré-Coeur, Dakar, Sénégal",https://static.coinafrique.com/static/images/profil.png,https://sn.coinafrique.com/annonce/chiens/husky-et-rotweiller-5357616
Chiots bichon,200000,"Mamelles, Dakar, Sénégal",https://static.coinafrique.com/static/images/profil.png,https://sn.coinafrique.com/annonce/chiens/chiots-bichon-5357093
Chiots Bouvier Bernois,Prixsurdemande,"Almadies 2, Dakar, Sénégal",https://static.coinafrique.com/static/images/profil.png,https://sn.coinafrique.com/annonce/chiens/chiots-bouvier-bernois-5356412
Chiot Américain,200,"Thies, Sénégal",https://static.coinafrique.com/static/images/profil.png,https://sn.coinafrique.com/annonce/chiens/chiot-americain-5353266
Chiots Berger Allemand,175000,"Mbao, Dakar, Sénégal",https://static.coinafrique.com/static/images/profil.png,https://sn.coinafrique.com/annonce/chiens/chiots-berger-allemand-5352744
Chiots Husky,300000,"Ouest Foire, Dakar, Sénégal",https://static.coinafrique.com/static/images/profil.png,https://sn.coinafrique.com/annonce/chiens/chiots-husky-5341514
Chien,130000,"Almadies, Dakar, Sénégal",https://static.coinafrique.com/static/images/profil.png,https://sn.coinafrique.com/annonce/chiens/chien-5341402
Chiots Malinois,Prixsurdemande,"Dakar, Sénégal",https://static.coinafrique.com/static/images/profil.png,https://sn.coinafrique.com/annonce/chiens/chiots-malinois-5341165
Berger Allemand,150000,"Pikine, Sénégal",https://static.coinafrique.com/static/images/profil.png,https://sn.coinafrique.com/annonce/chiens/berger-allemand-5340528
Chiot Boerboul,275,"Pikine, Sénégal",https://static.coinafrique.com/static/images/profil.png,https://sn.coinafrique.com/annonce/chiens/chiot-boerboul-5338244
Chiot Berger Allemand,250000,"Fann, Dakar, Sénégal",https://static.coinafrique.com/static/images/profil.png,https://sn.coinafrique.com/annonce/chiens/chiot-berger-allemand-5336125
Chiot Pitbull Terrier,250000,"Thies, Sénégal",https://static.coinafrique.com/static/images/profil.png,https://sn.coinafrique.com/annonce/chiens/chiot-pitbull-terrier-5335882
Chien de salon,150000,"Almadies, Dakar, Sénégal",https://static.coinafrique.com/static/images/profil.png,https://sn.coinafrique.com/annonce/chiens/chien-de-salon-5332506
Chiot Husky,300000,"Sacré-Coeur, Dakar, Sénégal",https://static.coinafrique.com/static/images/profil.png,https://sn.coinafrique.com/annonce/chiens/chiot-husky-5328800
Chiot Bichon Havanais,150000,"Ouakam, Dakar, Sénégal",https://static.coinafrique.com/static/images/profil.png,https://sn.coinafrique.com/annonce/chiens/chiot-bichon-havanais-5326499
Chiot Spitz Nain,800000,"Thies, Sénégal",https://static.coinafrique.com/static/images/profil.png,https://sn.coinafrique.com/annonce/chiens/chiot-spitz-nain-5326291
Chiot Bichon Maltais,115000,"Dieuppeul-Derklé, Dakar, Sénégal",https://static.coinafrique.com/static/images/profil.png,https://sn.coinafrique.com/annonce/chiens/chiot-bichon-maltais-5326102
Chiot Rottweiller,Prixsurdemande,"Almadies 2, Dakar, Sénégal",https://static.coinafrique.com/static/images/profil.png,https://sn.coinafrique.com/annonce/chiens/chiot-rottweiller-5323434
Chiot Husky,Prixsurdemande,"Sacré-Coeur, Dakar, Sénégal",https://static.coinafrique.com/static/images/profil.png,https://sn.coinafrique.com/annonce/chiens/chiot-husky-5322117
Chiot Bichon,Prixsurdemande,"Almadies 2, Dakar, Sénégal",https://static.coinafrique.com/static/images/profil.png,https://sn.coinafrique.com/annonce/chiens/chiot-bichon-5321857
Chiot Berger Allemand,150000,"Thies, Sénégal",https://static.coinafrique.com/static/images/profil.png,https://sn.coinafrique.com/annonce/chiens/chiot-berger-allemand-5321695
Chiot Rotweiller,350000,"Sacré-Coeur, Dakar, Sénégal",https://static.coinafrique.com/static/images/profil.png,https://sn.coinafrique.com/annonce/chiens/chiot-rotweiller-5321351
Chiot Cavalier king,Prixsurdemande,"Almadies 2, Dakar, Sénégal",https://static.coinafrique.com/static/images/profil.png,https://sn.coinafrique.com/annonce/chiens/chiot-cavalier-king-5319622
Chiot Berger allemand,200000,"Sacré-Coeur, Dakar, Sénégal",https://static.coinafrique.com/static/images/profil.png,https://sn.coinafrique.com/annonce/chiens/chiot-berger-allemand-5317080
Chiots Labradors,120000,"Thies, Sénégal",https://static.coinafrique.com/static/images/profil.png,https://sn.coinafrique.com/annonce/chiens/chiots-labradors-5316749
Vente Berger Femelle,400,"Guediawaye, Dakar, Sénégal",https://static.coinafrique.com/static/images/profil.png,https://sn.coinafrique.com/annonce/chiens/vente-berger-femelle-5305053
Chiot Pitbull Terrier,Prixsurdemande,"Mbour, Sénégal",https://static.coinafrique.com/static/images/profil.png,https://sn.coinafrique.com/annonce/chiens/chiot-pitbull-terrier-5303725
Chiot,380000,"Almadies, Dakar, Sénégal",https://static.coinafrique.com/static/images/profil.png,https://sn.coinafrique.com/annonce/chiens/chiot-5302773
Chiot femelle cane corso,350000,"Sacré-Coeur, Dakar, Sénégal",https://static.coinafrique.com/static/images/profil.png,https://sn.coinafrique.com/annonce/chiens/chiot-femelle-cane-corso-5299584
Chiot Berger Allemand,200000,"Sacré-Coeur, Dakar, Sénégal",https://static.coinafrique.com/static/images/profil.png,https://sn.coinafrique.com/annonce/chiens/chiot-berger-allemand-5298958
Chiot Berger Allemand,Prixsurdemande,"Sacré-Coeur, Dakar, Sénégal",https://static.coinafrique.com/static/images/profil.png,https://sn.coinafrique.com/annonce/chiens/chiot-berger-allemand-5293825
Chiot Berger allemand,250000,"Mbour, Sénégal",https://static.coinafrique.com/static/images/profil.png,https://sn.coinafrique.com/annonce/chiens/chiot-berger-allemand-5290700
Chiens malinois,Prixsurdemande,"Thies, Sénégal",https://static.coinafrique.com/static/images/profil.png,https://sn.coinafrique.com/annonce/chiens/chiens-malinois-5277780
Chiot Bichon Havanais,150000,"Ouakam, Dakar, Sénégal",https://static.coinafrique.com/static/images/profil.png,https://sn.coinafrique.com/annonce/chiens/chiot-bichon-havanais-5272964
Chiot Berger Allemand,150000,"Sacré-Coeur, Dakar, Sénégal",https://static.coinafrique.com/static/images/profil.png,https://sn.coinafrique.com/annonce/chiens/chiot-berger-allemand-5268192
Chiot Husky femelle,Prixsurdemande,"Sacré-Coeur, Dakar, Sénégal",https://static.coinafrique.com/static/images/profil.png,https://sn.coinafrique.com/annonce/chiens/chiot-husky-femelle-5259188
Chiots Dalmatiens,Prixsurdemande,"Mbao, Dakar, Sénégal",https://static.coinafrique.com/static/images/profil.png,https://sn.coinafrique.com/annonce/chiens/chiots-dalmatiens-5256321
Chiots Pitbull,150000,"Mbao, Dakar, Sénégal",https://static.coinafrique.com/static/images/profil.png,https://sn.coinafrique.com/annonce/chiens/chiots-pitbull-5253443
Chiots Husky,200000,"Mbao, Dakar, Sénégal",https://static.coinafrique.com/static/images/profil.png,https://sn.coinafrique.com/annonce/chiens/chiots-husky-5253441
Chiens malinois,Prixsurdemande,"Thies, Sénégal",https://static.coinafrique.com/static/images/profil.png,https://sn.coinafrique.com/annonce/chiens/chiens-malinois-5251605
Chiots,Prixsurdemande,"Thies, Sénégal",https://static.coinafrique.com/static/images/profil.png,https://sn.coinafrique.com/annonce/chiens/chiots-5249300
Chiot,Prixsurdemande,"Thies, Sénégal",https://static.coinafrique.com/static/images/profil.png,https://sn.coinafrique.com/annonce/chiens/chiot-5249290
Chiots  Cane Corso,400000,"Sicap foire, Dakar, Sénégal",https://static.coinafrique.com/static/images/profil.png,https://sn.coinafrique.com/annonce/chiens/chiots-cane-corso-5243684
Chiots Berger Allemand,300000,"Mbour, Sénégal",https://static.coinafrique.com/static/images/profil.png,https://sn.coinafrique.com/annonce/chiens/chiots-berger-allemand-5228717
Chiots,150000,"Pikine, Sénégal",https://static.coinafrique.com/static/images/profil.png,https://sn.coinafrique.com/annonce/chiens/chiots-5222994
Chiot Boerbull,Prixsurdemande,"Dakar, Sénégal",https://static.coinafrique.com/static/images/profil.png,https://sn.coinafrique.com/annonce/chiens/chiot-boerbull-5222921
Chiot Boerbull,Prixsurdemande,"Dakar, Sénégal",https://static.coinafrique.com/static/images/profil.png,https://sn.coinafrique.com/annonce/chiens/chiot-boerbull-5222912
Chiot Berger Allemand,150000,"Pikine, Sénégal",https://static.coinafrique.com/static/images/profil.png,https://sn.coinafrique.com/annonce/chiens/chiot-berger-allemand-5222675
Chiot Bichon Maltais,175000,"Ouakam, Dakar, Sénégal",https://static.coinafrique.com/static/images/profil.png,https://sn.coinafrique.com/annonce/chiens/chiot-bichon-maltais-5221815
Chiot Malinois,250000,"Thies, Sénégal",https://static.coinafrique.com/static/images/profil.png,https://sn.coinafrique.com/annonce/chiens/chiot-malinois-5213981
Chiot Rott,300000,"Thies, Sénégal",https://static.coinafrique.com/static/images/profil.png,https://sn.coinafrique.com/annonce/chiens/chiot-rott-5213979
Chiot Bichons Havanais,130000,"Ouakam, Dakar, Sénégal",https://static.coinafrique.com/static/images/profil.png,https://sn.coinafrique.com/annonce/chiens/chiot-bichons-havanais-5199916
Chiot Berger Allemand,400000,"Mbao, Dakar, Sénégal",https://static.coinafrique.com/static/images/profil.png,https://sn.coinafrique.com/annonce/chiens/chiot-berger-allemand-5199105
Chiot Rott,200000,"Diamniadio, Sénégal",https://static.coinafrique.com/static/images/profil.png,https://sn.coinafrique.com/annonce/chiens/chiot-rott-5192129
Chiots Husky Sibérien,Prixsurdemande,"Mbao, Dakar, Sénégal",https://static.coinafrique.com/static/images/profil.png,https://sn.coinafrique.com/annonce/chiens/chiots-husky-siberien-5186967
Chiot Berger Allemand,130000,"Pikine, Sénégal",https://static.coinafrique.com/static/images/profil.png,https://sn.coinafrique.com/annonce/chiens/chiot-berger-allemand-5186005
Chiots Dogo Canario,Prixsurdemande,"Dakar, Sénégal",https://static.coinafrique.com/static/images/profil.png,https://sn.coinafrique.com/annonce/chiens/chiots-dogo-canario-5178208
Chiot Rottweiler,350000,"Sacré-Coeur, Dakar, Sénégal",https://static.coinafrique.com/static/images/profil.png,https://sn.coinafrique.com/annonce/chiens/chiot-rottweiler-5161997
Chiots Doberman,400000,"HLM, Dakar, Sénégal",https://static.coinafrique.com/static/images/profil.png,https://sn.coinafrique.com/annonce/chiens/chiots-doberman-5158454
Chien Rottewaler,300000,"Dakar Plateau, Dakar, Sénégal",https://static.coinafrique.com/static/images/profil.png,https://sn.coinafrique.com/annonce/chiens/chien-rottewaler-5155571
Chiot Labrador,Prixsurdemande,"Mbao, Dakar, Sénégal",https://static.coinafrique.com/static/images/profil.png,https://sn.coinafrique.com/annonce/chiens/chiot-labrador-5136517
Chiots Bichons,175000,"Mamelles, Dakar, Sénégal",https://static.coinafrique.com/static/images/profil.png,https://sn.coinafrique.com/annonce/chiens/chiots-bichons-5133780
Chiot Berger Allemand,130000,"Dakar, Sénégal",https://static.coinafrique.com/static/images/profil.png,https://sn.coinafrique.com/annonce/chiens/chiot-berger-allemand-5131922
Chiot Berger Allemand,250000,"Sacré-Coeur, Dakar, Sénégal",https://static.coinafrique.com/static/images/profil.png,https://sn.coinafrique.com/annonce/chiens/chiot-berger-allemand-5127074
Chien,275,"Dakar, Sénégal",https://static.coinafrique.com/static/images/profil.png,https://sn.coinafrique.com/annonce/chiens/chien-5124976
Chiot Berger Allemand,210000,"Fann, Dakar, Sénégal",https://static.coinafrique.com/static/images/profil.png,https://sn.coinafrique.com/annonce/chiens/chiot-berger-allemand-5114394
Chiot Bichon Maltais,Prixsurdemande,"Mbao, Dakar, Sénégal",https://static.coinafrique.com/static/images/profil.png,https://sn.coinafrique.com/annonce/chiens/chiot-bichon-maltais-5104979
Chiot Bichon Maltais,Prixsurdemande,"Mbao, Dakar, Sénégal",https://static.coinafrique.com/static/images/profil.png,https://sn.coinafrique.com/annonce/chiens/chiot-bichon-maltais-5090975
Chiot Bichon Maltais,80000,"Sicap Liberté, Dakar, Sénégal",https://static.coinafrique.com/static/images/profil.png,https://sn.coinafrique.com/annonce/chiens/chiot-bichon-maltais-5085599
Chiot Bichon Maltais,80000,"Sicap Liberté, Dakar, Sénégal",https://static.coinafrique.com/static/images/profil.png,https://sn.coinafrique.com/annonce/chiens/chiot-bichon-maltais-5085597
Chiot Bichon Maltais,80000,"Sicap Liberté, Dakar, Sénégal",https://static.coinafrique.com/static/images/profil.png,https://sn.coinafrique.com/annonce/chiens/chiot-bichon-maltais-5085579
Berger malinois,250000,"Mbao, Dakar, Sénégal",https://static.coinafrique.com/static/images/profil.png,https://sn.coinafrique.com/annonce/chiens/berger-malinois-5078573
Femelle berger allemand 4 mois,Prixsurdemande,"Dakar, Sénégal",https://static.coinafrique.com/static/images/profil.png,https://sn.coinafrique.com/annonce/chiens/femelle-berger-allemand-4-mois-5065991
Caniche mâle,650000,"Almadies 2, Dakar, Sénégal",https://static.coinafrique.com/static/images/profil.png,https://sn.coinafrique.com/annonce/chiens/caniche-male-5054275
Chiot chihuahuas,250000,"Sicap Liberté, Dakar, Sénégal",https://static.coinafrique.com/static/images/profil.png,https://sn.coinafrique.com/annonce/chiens/chiot-chihuahuas-5045245
Chiot Rottweiler,300000,"Mbao, Dakar, Sénégal",https://static.coinafrique.com/static/images/profil.png,https://sn.coinafrique.com/annonce/chiens/chiot-rottweiler-5044649
Chiot Husky,Prixsurdemande,"Point E, Dakar, Sénégal",https://static.coinafrique.com/static/images/profil.png,https://sn.coinafrique.com/annonce/chiens/chiot-husky-5028791
Chiot Berger Allemand,350000,"Guediawaye, Dakar, Sénégal",https://static.coinafrique.com/static/images/profil.png,https://sn.coinafrique.com/annonce/chiens/chiot-berger-allemand-5016564
Chiots Berger Allemand,250000,"Saint Louis, Sénégal",https://static.coinafrique.com/static/images/profil.png,https://sn.coinafrique.com/annonce/chiens/chiots-berger-allemand-5013765
Chiot Berger Allemand,130000,"Niaga, Sénégal",https://static.coinafrique.com/static/images/profil.png,https://sn.coinafrique.com/annonce/chiens/chiot-berger-allemand-5006641
Chiot Rottweiler,250,"Dakar, Sénégal",https://static.coinafrique.com/static/images/profil.png,https://sn.coinafrique.com/annonce/chiens/chiot-rottweiler-5004868
Chiots labrador pure race,Prixsurdemande,"Mbao, Dakar, Sénégal",https://static.coinafrique.com/static/images/profil.png,https://sn.coinafrique.com/annonce/chiens/chiots-labrador-pure-race-5002785
Chiots Bichon Maltais,Prixsurdemande,"Dakar, Sénégal",https://static.coinafrique.com/static/images/profil.png,https://sn.coinafrique.com/annonce/chiens/chiots-bichon-maltais-5002622
Berger allemand femelle,155000,"Diamniadio, Sénégal",https://static.coinafrique.com/static/images/profil.png,https://sn.coinafrique.com/annonce/chiens/berger-allemand-femelle-4996897
